abs_time,boot_time_s,temperature_C
2026-01-08 15:36:14.788,7.749,38.50
2026-01-08 15:36:15.110,8.051,37.75
2026-01-08 15:36:15.431,8.353,38.00
2026-01-08 15:36:15.752,8.655,38.00
2026-01-08 15:36:16.074,8.957,38.00
2026-01-08 15:36:16.395,9.259,38.00
2026-01-08 15:36:16.716,9.561,37.50
2026-01-08 15:36:17.037,9.863,37.75
2026-01-08 15:36:17.360,10.165,37.50
2026-01-08 15:36:17.681,10.467,37.75
2026-01-08 15:36:18.002,10.769,37.50
2026-01-08 15:36:18.323,11.071,37.75
2026-01-08 15:36:18.645,11.373,37.75
2026-01-08 15:36:18.966,11.675,37.50
2026-01-08 15:36:19.287,11.977,37.75
2026-01-08 15:36:19.609,12.279,37.50
2026-01-08 15:36:19.930,12.581,37.75
2026-01-08 15:36:20.251,12.883,37.50
2026-01-08 15:36:20.572,13.185,37.50
2026-01-08 15:36:20.893,13.487,37.25
2026-01-08 15:36:21.214,13.789,36.50
2026-01-08 15:36:21.536,14.091,37.50
2026-01-08 15:36:21.857,14.393,37.25
2026-01-08 15:36:22.179,14.695,37.50
2026-01-08 15:36:22.499,14.997,36.75
2026-01-08 15:36:22.820,15.299,37.00
2026-01-08 15:36:23.141,15.601,37.50
2026-01-08 15:36:23.463,15.903,37.25
2026-01-08 15:36:23.784,16.205,37.25
2026-01-08 15:36:24.105,16.507,37.00
2026-01-08 15:36:24.426,16.809,37.25
2026-01-08 15:36:24.747,17.111,36.75
2026-01-08 15:36:25.068,17.413,37.00
2026-01-08 15:36:25.389,17.715,36.75
2026-01-08 15:36:25.710,18.017,36.75
2026-01-08 15:36:26.032,18.319,36.75
2026-01-08 15:36:26.353,18.621,36.75
2026-01-08 15:36:26.675,18.923,37.00
2026-01-08 15:36:26.995,19.225,37.00
2026-01-08 15:36:27.317,19.527,36.75
2026-01-08 15:36:27.638,19.829,36.25
2026-01-08 15:36:27.959,20.131,36.50
2026-01-08 15:36:28.280,20.433,36.25
2026-01-08 15:36:28.602,20.735,36.50
2026-01-08 15:36:28.923,21.037,36.00
2026-01-08 15:36:29.244,21.339,36.50
2026-01-08 15:36:29.565,21.641,36.00
2026-01-08 15:36:29.887,21.943,36.75
2026-01-08 15:36:30.209,22.245,36.25
2026-01-08 15:36:30.530,22.547,36.25
2026-01-08 15:36:30.850,22.849,36.00
2026-01-08 15:36:31.171,23.151,36.50
2026-01-08 15:36:31.492,23.453,36.50
2026-01-08 15:36:31.813,23.755,36.75
2026-01-08 15:36:32.134,24.057,36.00
2026-01-08 15:36:32.456,24.359,36.25
2026-01-08 15:36:32.776,24.661,36.00
2026-01-08 15:36:33.098,24.963,36.00
2026-01-08 15:36:33.419,25.265,36.25
2026-01-08 15:36:33.740,25.567,36.25
2026-01-08 15:36:34.061,25.869,35.75
2026-01-08 15:36:34.382,26.171,35.50
2026-01-08 15:36:34.703,26.473,36.25
2026-01-08 15:36:35.024,26.775,36.00
2026-01-08 15:36:35.346,27.077,36.00
2026-01-08 15:36:35.666,27.379,36.00
2026-01-08 15:36:35.987,27.681,35.75
2026-01-08 15:36:36.308,27.983,35.50
2026-01-08 15:36:36.629,28.285,36.00
2026-01-08 15:36:36.950,28.587,35.75
2026-01-08 15:36:37.271,28.889,36.00
2026-01-08 15:36:37.592,29.191,35.25
2026-01-08 15:36:37.913,29.493,36.00
2026-01-08 15:36:38.235,29.795,35.75
2026-01-08 15:36:38.555,30.097,35.25
2026-01-08 15:36:38.876,30.399,35.50
2026-01-08 15:36:39.197,30.701,35.75
2026-01-08 15:36:39.518,31.003,35.50
2026-01-08 15:36:39.839,31.305,35.75
2026-01-08 15:36:40.160,31.607,34.75
2026-01-08 15:36:40.482,31.909,35.75
2026-01-08 15:36:40.802,32.211,35.75
2026-01-08 15:36:41.123,32.513,35.00
2026-01-08 15:36:41.445,32.815,35.00
2026-01-08 15:36:41.765,33.117,35.25
2026-01-08 15:36:42.086,33.419,35.00
2026-01-08 15:36:42.407,33.721,35.00
2026-01-08 15:36:42.728,34.023,35.50
2026-01-08 15:36:43.049,34.325,35.00
2026-01-08 15:36:43.370,34.627,35.25
2026-01-08 15:36:43.691,34.929,35.00
2026-01-08 15:36:44.012,35.231,35.25
2026-01-08 15:36:44.333,35.533,35.25
2026-01-08 15:36:44.654,35.835,34.75
2026-01-08 15:36:44.975,36.137,35.50
2026-01-08 15:36:45.295,36.439,35.25
2026-01-08 15:36:45.617,36.741,34.75
2026-01-08 15:36:45.937,37.043,35.00
2026-01-08 15:36:46.258,37.345,34.50
2026-01-08 15:36:46.579,37.647,35.00
2026-01-08 15:36:46.901,37.949,34.75
2026-01-08 15:36:47.221,38.251,34.75
2026-01-08 15:36:47.543,38.553,34.75
2026-01-08 15:36:47.864,38.855,35.00
2026-01-08 15:36:48.184,39.157,34.50
2026-01-08 15:36:48.505,39.459,34.75
2026-01-08 15:36:48.825,39.761,35.25
2026-01-08 15:36:49.147,40.063,34.75
2026-01-08 15:36:49.468,40.365,34.75
2026-01-08 15:36:49.789,40.667,34.50
2026-01-08 15:36:50.110,40.969,34.75
2026-01-08 15:36:50.430,41.271,34.50
2026-01-08 15:36:50.751,41.573,34.25
2026-01-08 15:36:51.072,41.875,34.00
2026-01-08 15:36:51.392,42.177,34.50
2026-01-08 15:36:51.712,42.479,34.50
2026-01-08 15:36:52.034,42.781,34.50
2026-01-08 15:36:52.355,43.083,34.50
2026-01-08 15:36:52.676,43.385,34.75
2026-01-08 15:36:52.996,43.687,34.50
2026-01-08 15:36:53.317,43.989,34.00
2026-01-08 15:36:53.638,44.291,33.75
2026-01-08 15:36:53.959,44.593,34.00
2026-01-08 15:36:54.280,44.895,34.25
2026-01-08 15:36:54.600,45.197,34.25
2026-01-08 15:36:54.921,45.499,34.25
2026-01-08 15:36:55.242,45.801,34.25
2026-01-08 15:36:55.563,46.103,34.75
2026-01-08 15:36:55.883,46.405,34.75
2026-01-08 15:36:56.205,46.707,35.25
2026-01-08 15:36:56.525,47.009,35.75
2026-01-08 15:36:56.845,47.311,36.25
2026-01-08 15:36:57.167,47.613,36.75
2026-01-08 15:36:57.487,47.915,38.00
2026-01-08 15:36:57.808,48.217,38.75
2026-01-08 15:36:58.129,48.519,40.00
2026-01-08 15:36:58.450,48.821,41.25
2026-01-08 15:36:58.770,49.123,43.25
2026-01-08 15:36:59.091,49.425,44.25
2026-01-08 15:36:59.412,49.727,46.25
2026-01-08 15:36:59.734,50.029,48.00
2026-01-08 15:37:00.054,50.331,49.25
2026-01-08 15:37:00.374,50.633,52.00
2026-01-08 15:37:00.695,50.935,54.00
2026-01-08 15:37:01.016,51.237,55.50
2026-01-08 15:37:01.336,51.539,57.00
2026-01-08 15:37:01.658,51.841,59.25
2026-01-08 15:37:01.979,52.143,61.50
2026-01-08 15:37:02.300,52.445,63.25
2026-01-08 15:37:02.619,52.747,65.75
2026-01-08 15:37:02.940,53.049,67.25
2026-01-08 15:37:03.262,53.351,68.75
2026-01-08 15:37:03.582,53.653,71.00
2026-01-08 15:37:03.903,53.955,73.25
2026-01-08 15:37:04.223,54.257,75.25
2026-01-08 15:37:04.544,54.559,76.75
2026-01-08 15:37:04.866,54.861,78.25
2026-01-08 15:37:05.186,55.163,79.75
2026-01-08 15:37:05.506,55.465,81.50
2026-01-08 15:37:05.828,55.767,83.25
2026-01-08 15:37:06.149,56.069,84.75
2026-01-08 15:37:06.469,56.371,86.25
2026-01-08 15:37:06.790,56.673,87.25
2026-01-08 15:37:07.111,56.975,89.00
2026-01-08 15:37:07.431,57.277,90.00
2026-01-08 15:37:07.751,57.579,90.75
2026-01-08 15:37:08.073,57.881,92.25
2026-01-08 15:37:08.393,58.183,93.75
2026-01-08 15:37:08.714,58.485,95.50
2026-01-08 15:37:09.035,58.787,97.00
2026-01-08 15:37:09.355,59.089,99.00
2026-01-08 15:37:09.677,59.391,101.25
2026-01-08 15:37:09.997,59.693,103.50
2026-01-08 15:37:10.318,59.995,105.00
2026-01-08 15:37:10.639,60.297,107.25
2026-01-08 15:37:10.960,60.599,109.75
2026-01-08 15:37:11.281,60.901,112.75
2026-01-08 15:37:11.602,61.203,115.50
2026-01-08 15:37:11.922,61.505,119.00
2026-01-08 15:37:12.243,61.807,121.75
2026-01-08 15:37:12.564,62.109,124.50
2026-01-08 15:37:12.885,62.411,127.25
2026-01-08 15:37:13.206,62.713,130.50
2026-01-08 15:37:13.526,63.015,134.25
2026-01-08 15:37:13.847,63.317,136.50
2026-01-08 15:37:14.168,63.619,140.25
2026-01-08 15:37:14.488,63.921,143.50
2026-01-08 15:37:14.809,64.223,147.00
2026-01-08 15:37:15.130,64.525,150.25
2026-01-08 15:37:15.452,64.827,153.75
2026-01-08 15:37:15.772,65.129,157.25
2026-01-08 15:37:16.092,65.431,161.25
2026-01-08 15:37:16.414,65.733,164.50
2026-01-08 15:37:16.734,66.035,168.25
2026-01-08 15:37:17.055,66.337,172.25
2026-01-08 15:37:17.375,66.639,175.00
2026-01-08 15:37:17.697,66.941,179.25
2026-01-08 15:37:18.017,67.243,182.75
2026-01-08 15:37:18.338,67.545,186.25
2026-01-08 15:37:18.659,67.847,189.75
2026-01-08 15:37:18.979,68.149,193.25
2026-01-08 15:37:19.300,68.451,196.50
2026-01-08 15:37:19.621,68.753,200.00
2026-01-08 15:37:19.943,69.055,202.75
2026-01-08 15:37:20.263,69.357,206.25
2026-01-08 15:37:20.584,69.659,210.00
2026-01-08 15:37:20.905,69.961,213.25
2026-01-08 15:37:21.226,70.263,216.25
2026-01-08 15:37:21.547,70.565,219.25
2026-01-08 15:37:21.868,70.867,222.00
2026-01-08 15:37:22.187,71.169,225.50
2026-01-08 15:37:22.509,71.471,228.50
2026-01-08 15:37:22.830,71.773,231.75
2026-01-08 15:37:23.151,72.075,234.25
2026-01-08 15:37:23.471,72.377,237.25
2026-01-08 15:37:23.791,72.679,239.75
2026-01-08 15:37:24.114,72.981,243.00
2026-01-08 15:37:24.434,73.283,245.50
2026-01-08 15:37:24.753,73.585,248.75
2026-01-08 15:37:25.075,73.887,251.75
2026-01-08 15:37:25.396,74.189,254.50
2026-01-08 15:37:25.717,74.491,257.50
2026-01-08 15:37:26.038,74.793,260.50
2026-01-08 15:37:26.358,75.095,262.75
2026-01-08 15:37:26.679,75.397,266.25
2026-01-08 15:37:27.000,75.699,268.75
2026-01-08 15:37:27.321,76.001,271.50
2026-01-08 15:37:27.642,76.303,273.75
2026-01-08 15:37:27.963,76.605,277.00
2026-01-08 15:37:28.283,76.907,279.25
2026-01-08 15:37:28.604,77.209,282.50
2026-01-08 15:37:28.925,77.511,285.00
2026-01-08 15:37:29.246,77.813,287.50
2026-01-08 15:37:29.567,78.115,290.75
2026-01-08 15:37:29.888,78.417,293.25
2026-01-08 15:37:30.208,78.719,295.50
2026-01-08 15:37:30.529,79.021,298.50
2026-01-08 15:37:30.850,79.323,301.00
2026-01-08 15:37:31.171,79.625,303.75
2026-01-08 15:37:31.491,79.927,306.25
2026-01-08 15:37:31.812,80.229,309.00
2026-01-08 15:37:32.132,80.531,311.00
2026-01-08 15:37:32.454,80.833,314.00
2026-01-08 15:37:32.774,81.135,316.25
2026-01-08 15:37:33.094,81.437,318.75
2026-01-08 15:37:33.415,81.739,321.75
2026-01-08 15:37:33.736,82.041,323.75
2026-01-08 15:37:34.057,82.343,326.75
2026-01-08 15:37:34.377,82.645,329.00
2026-01-08 15:37:34.698,82.947,331.00
2026-01-08 15:37:35.020,83.249,333.75
2026-01-08 15:37:35.341,83.551,336.25
2026-01-08 15:37:35.660,83.853,338.50
2026-01-08 15:37:35.981,84.155,341.75
2026-01-08 15:37:36.303,84.457,344.00
2026-01-08 15:37:36.623,84.759,346.50
2026-01-08 15:37:36.943,85.061,348.75
2026-01-08 15:37:37.264,85.363,351.00
2026-01-08 15:37:37.585,85.665,352.50
2026-01-08 15:37:37.906,85.967,355.50
2026-01-08 15:37:38.226,86.269,358.00
2026-01-08 15:37:38.548,86.571,360.00
2026-01-08 15:37:38.869,86.873,362.50
2026-01-08 15:37:39.189,87.175,364.75
2026-01-08 15:37:39.511,87.477,366.75
2026-01-08 15:37:39.831,87.779,369.25
2026-01-08 15:37:40.151,88.081,371.75
2026-01-08 15:37:40.472,88.383,373.75
2026-01-08 15:37:40.793,88.685,375.75
2026-01-08 15:37:41.115,88.987,378.00
2026-01-08 15:37:41.436,89.289,379.75
2026-01-08 15:37:41.757,89.591,382.00
2026-01-08 15:37:42.077,89.893,384.50
2026-01-08 15:37:42.399,90.195,386.50
2026-01-08 15:37:42.719,90.497,388.75
2026-01-08 15:37:43.040,90.799,390.75
2026-01-08 15:37:43.361,91.101,392.75
2026-01-08 15:37:43.682,91.403,395.25
2026-01-08 15:37:44.003,91.705,397.00
2026-01-08 15:37:44.324,92.007,399.75
2026-01-08 15:37:44.645,92.309,401.50
2026-01-08 15:37:44.965,92.611,403.25
2026-01-08 15:37:45.286,92.913,405.75
2026-01-08 15:37:45.607,93.215,407.75
2026-01-08 15:37:45.928,93.517,409.75
2026-01-08 15:37:46.248,93.819,412.00
2026-01-08 15:37:46.569,94.121,414.00
2026-01-08 15:37:46.890,94.423,416.50
2026-01-08 15:37:47.210,94.725,418.25
2026-01-08 15:37:47.531,95.027,420.00
2026-01-08 15:37:47.852,95.329,422.75
2026-01-08 15:37:48.172,95.631,424.75
2026-01-08 15:37:48.494,95.933,427.00
2026-01-08 15:37:48.814,96.235,429.00
2026-01-08 15:37:49.135,96.537,430.75
2026-01-08 15:37:49.456,96.839,433.00
2026-01-08 15:37:49.777,97.141,435.50
2026-01-08 15:37:50.098,97.443,437.50
2026-01-08 15:37:50.418,97.745,439.50
2026-01-08 15:37:50.739,98.047,442.00
2026-01-08 15:37:51.060,98.349,443.50
2026-01-08 15:37:51.382,98.651,445.75
2026-01-08 15:37:51.702,98.953,448.00
2026-01-08 15:37:52.023,99.255,449.50
2026-01-08 15:37:52.344,99.557,451.50
2026-01-08 15:37:52.664,99.859,453.75
2026-01-08 15:37:52.984,100.161,455.75
2026-01-08 15:37:53.306,100.463,458.25
2026-01-08 15:37:53.627,100.765,460.25
2026-01-08 15:37:53.947,101.067,461.75
2026-01-08 15:37:54.267,101.369,464.00
2026-01-08 15:37:54.587,101.671,466.50
2026-01-08 15:37:54.909,101.973,468.50
2026-01-08 15:37:55.229,102.275,470.00
2026-01-08 15:37:55.551,102.577,472.00
2026-01-08 15:37:55.871,102.879,474.25
2026-01-08 15:37:56.191,103.181,476.00
2026-01-08 15:37:56.513,103.483,478.00
2026-01-08 15:37:56.833,103.785,479.75
2026-01-08 15:37:57.155,104.087,481.75
2026-01-08 15:37:57.475,104.389,484.00
2026-01-08 15:37:57.796,104.691,485.75
2026-01-08 15:37:58.117,104.993,487.50
2026-01-08 15:37:58.438,105.295,489.25
2026-01-08 15:37:58.759,105.597,491.25
2026-01-08 15:37:59.080,105.899,492.75
2026-01-08 15:37:59.401,106.201,494.75
2026-01-08 15:37:59.722,106.503,496.50
2026-01-08 15:38:00.043,106.805,498.50
2026-01-08 15:38:00.364,107.107,500.00
2026-01-08 15:38:00.684,107.409,501.75
2026-01-08 15:38:01.005,107.711,503.50
2026-01-08 15:38:01.326,108.013,505.25
2026-01-08 15:38:01.648,108.315,507.50
2026-01-08 15:38:01.967,108.617,509.00
2026-01-08 15:38:02.289,108.919,511.00
2026-01-08 15:38:02.624,109.221,512.50
2026-01-08 15:38:02.930,109.523,514.25
2026-01-08 15:38:03.250,109.825,515.75
2026-01-08 15:38:03.571,110.127,518.00
2026-01-08 15:38:03.892,110.429,519.50
2026-01-08 15:38:04.213,110.731,521.00
2026-01-08 15:38:04.534,111.033,522.75
2026-01-08 15:38:04.854,111.335,524.50
2026-01-08 15:38:05.175,111.637,526.00
2026-01-08 15:38:05.496,111.939,527.50
2026-01-08 15:38:05.817,112.241,529.25
2026-01-08 15:38:06.138,112.543,531.25
2026-01-08 15:38:06.459,112.845,532.50
2026-01-08 15:38:06.780,113.147,533.75
2026-01-08 15:38:07.100,113.449,535.50
2026-01-08 15:38:07.421,113.751,537.00
2026-01-08 15:38:07.742,114.053,538.75
2026-01-08 15:38:08.064,114.355,540.50
2026-01-08 15:38:08.384,114.657,542.25
2026-01-08 15:38:08.704,114.959,543.50
2026-01-08 15:38:09.026,115.261,545.00
2026-01-08 15:38:09.347,115.563,546.75
2026-01-08 15:38:09.666,115.865,548.00
2026-01-08 15:38:09.987,116.167,550.00
2026-01-08 15:38:10.308,116.469,551.50
2026-01-08 15:38:10.629,116.771,553.25
2026-01-08 15:38:10.949,117.073,555.00
2026-01-08 15:38:11.271,117.375,556.00
2026-01-08 15:38:11.590,117.677,558.00
2026-01-08 15:38:11.911,117.979,559.00
2026-01-08 15:38:12.231,118.281,560.75
2026-01-08 15:38:12.553,118.583,562.50
2026-01-08 15:38:12.874,118.885,564.00
2026-01-08 15:38:13.194,119.187,566.25
2026-01-08 15:38:13.514,119.489,567.50
2026-01-08 15:38:13.835,119.791,569.25
2026-01-08 15:38:14.156,120.093,570.50
2026-01-08 15:38:14.477,120.395,573.00
2026-01-08 15:38:14.798,120.697,574.75
2026-01-08 15:38:15.118,120.999,576.25
2026-01-08 15:38:15.439,121.301,577.75
2026-01-08 15:38:15.761,121.603,578.50
2026-01-08 15:38:16.081,121.905,579.00
2026-01-08 15:38:16.402,122.207,580.50
2026-01-08 15:38:16.722,122.509,581.50
2026-01-08 15:38:17.042,122.811,582.50
2026-01-08 15:38:17.363,123.113,583.00
2026-01-08 15:38:17.684,123.415,584.00
2026-01-08 15:38:18.004,123.717,584.25
2026-01-08 15:38:18.325,124.019,585.50
2026-01-08 15:38:18.646,124.321,586.75
2026-01-08 15:38:18.966,124.623,587.75
2026-01-08 15:38:19.287,124.925,588.50
2026-01-08 15:38:19.607,125.227,589.25
2026-01-08 15:38:19.928,125.529,590.75
2026-01-08 15:38:20.248,125.831,591.50
2026-01-08 15:38:20.569,126.133,592.75
2026-01-08 15:38:20.889,126.435,594.25
2026-01-08 15:38:21.210,126.737,595.00
2026-01-08 15:38:21.530,127.039,596.25
2026-01-08 15:38:21.850,127.341,597.25
2026-01-08 15:38:22.171,127.643,598.25
2026-01-08 15:38:22.492,127.945,599.25
2026-01-08 15:38:22.812,128.247,601.00
2026-01-08 15:38:23.132,128.549,602.00
2026-01-08 15:38:23.453,128.851,603.00
2026-01-08 15:38:23.774,129.153,603.75
2026-01-08 15:38:24.094,129.455,605.25
2026-01-08 15:38:24.415,129.757,606.25
2026-01-08 15:38:24.736,130.059,607.50
2026-01-08 15:38:25.056,130.361,608.25
2026-01-08 15:38:25.376,130.663,609.25
2026-01-08 15:38:25.698,130.965,610.50
2026-01-08 15:38:26.019,131.267,611.75
2026-01-08 15:38:26.338,131.569,612.50
2026-01-08 15:38:26.659,131.871,613.25
2026-01-08 15:38:26.979,132.173,614.75
2026-01-08 15:38:27.300,132.475,616.00
2026-01-08 15:38:27.622,132.777,616.25
2026-01-08 15:38:27.941,133.079,617.25
2026-01-08 15:38:28.264,133.381,618.75
2026-01-08 15:38:28.583,133.683,619.75
2026-01-08 15:38:28.903,133.985,620.25
2026-01-08 15:38:29.225,134.287,621.00
2026-01-08 15:38:29.545,134.589,622.25
2026-01-08 15:38:29.866,134.891,622.75
2026-01-08 15:38:30.186,135.193,624.25
2026-01-08 15:38:30.506,135.495,624.50
2026-01-08 15:38:30.827,135.797,626.00
2026-01-08 15:38:31.147,136.099,627.00
2026-01-08 15:38:31.469,136.401,627.50
2026-01-08 15:38:31.789,136.703,628.25
2026-01-08 15:38:32.110,137.005,629.00
2026-01-08 15:38:32.430,137.307,629.50
2026-01-08 15:38:32.751,137.609,630.50
2026-01-08 15:38:33.072,137.911,631.00
2026-01-08 15:38:33.393,138.213,632.00
2026-01-08 15:38:33.713,138.515,632.75
2026-01-08 15:38:34.034,138.817,633.50
2026-01-08 15:38:34.355,139.119,634.00
2026-01-08 15:38:34.675,139.421,634.75
2026-01-08 15:38:34.996,139.723,635.50
2026-01-08 15:38:35.318,140.025,635.50
2026-01-08 15:38:35.637,140.327,636.25
2026-01-08 15:38:35.958,140.629,637.25
2026-01-08 15:38:36.279,140.931,637.75
2026-01-08 15:38:36.599,141.233,638.25
2026-01-08 15:38:36.920,141.535,639.00
2026-01-08 15:38:37.241,141.837,639.25
2026-01-08 15:38:37.561,142.139,640.25
2026-01-08 15:38:37.882,142.441,640.50
2026-01-08 15:38:38.202,142.743,641.25
2026-01-08 15:38:38.523,143.045,642.00
2026-01-08 15:38:38.844,143.347,642.25
2026-01-08 15:38:39.164,143.649,642.75
2026-01-08 15:38:39.484,143.951,643.25
2026-01-08 15:38:39.805,144.253,643.25
2026-01-08 15:38:40.125,144.555,644.25
2026-01-08 15:38:40.446,144.857,644.50
2026-01-08 15:38:40.767,145.159,645.25
2026-01-08 15:38:41.088,145.461,645.25
2026-01-08 15:38:41.408,145.763,645.75
2026-01-08 15:38:41.728,146.065,646.50
2026-01-08 15:38:42.049,146.367,646.50
2026-01-08 15:38:42.371,146.669,647.25
2026-01-08 15:38:42.690,146.971,647.25
2026-01-08 15:38:43.012,147.273,648.25
2026-01-08 15:38:43.331,147.575,648.50
2026-01-08 15:38:43.652,147.877,648.75
2026-01-08 15:38:43.973,148.179,649.00
2026-01-08 15:38:44.293,148.481,649.75
2026-01-08 15:38:44.614,148.783,650.25
2026-01-08 15:38:44.935,149.085,650.50
2026-01-08 15:38:45.255,149.387,650.50
2026-01-08 15:38:45.575,149.689,651.50
2026-01-08 15:38:45.897,149.991,651.75
2026-01-08 15:38:46.217,150.293,652.50
2026-01-08 15:38:46.538,150.595,652.50
2026-01-08 15:38:46.858,150.897,652.75
2026-01-08 15:38:47.179,151.199,653.25
2026-01-08 15:38:47.499,151.501,653.75
2026-01-08 15:38:47.820,151.803,654.00
2026-01-08 15:38:48.141,152.105,654.75
2026-01-08 15:38:48.461,152.407,654.75
2026-01-08 15:38:48.782,152.709,655.25
2026-01-08 15:38:49.102,153.011,655.75
2026-01-08 15:38:49.423,153.313,655.75
2026-01-08 15:38:49.744,153.615,656.25
2026-01-08 15:38:50.064,153.917,656.75
2026-01-08 15:38:50.385,154.219,657.25
2026-01-08 15:38:50.706,154.521,657.00
2026-01-08 15:38:51.026,154.823,657.75
2026-01-08 15:38:51.347,155.125,658.00
2026-01-08 15:38:51.668,155.427,658.00
2026-01-08 15:38:51.988,155.729,658.75
2026-01-08 15:38:52.309,156.031,659.00
2026-01-08 15:38:52.629,156.333,659.00
2026-01-08 15:38:52.950,156.635,659.50
2026-01-08 15:38:53.270,156.937,659.75
2026-01-08 15:38:53.591,157.239,660.00
2026-01-08 15:38:53.911,157.541,660.25
2026-01-08 15:38:54.231,157.843,660.50
2026-01-08 15:38:54.552,158.145,660.75
2026-01-08 15:38:54.872,158.447,661.25
2026-01-08 15:38:55.193,158.749,661.50
2026-01-08 15:38:55.514,159.051,661.50
2026-01-08 15:38:55.834,159.353,662.00
2026-01-08 15:38:56.154,159.655,661.75
2026-01-08 15:38:56.476,159.957,662.00
2026-01-08 15:38:56.795,160.259,662.25
2026-01-08 15:38:57.116,160.561,662.75
2026-01-08 15:38:57.436,160.863,662.75
2026-01-08 15:38:57.757,161.165,663.25
2026-01-08 15:38:58.077,161.467,662.75
2026-01-08 15:38:58.399,161.769,662.50
2026-01-08 15:38:58.718,162.071,663.50
2026-01-08 15:38:59.039,162.373,663.50
2026-01-08 15:38:59.359,162.675,663.75
2026-01-08 15:38:59.680,162.977,664.00
2026-01-08 15:39:00.001,163.279,664.00
2026-01-08 15:39:00.321,163.581,664.00
2026-01-08 15:39:00.642,163.883,664.75
2026-01-08 15:39:00.962,164.185,664.75
2026-01-08 15:39:01.283,164.487,664.75
2026-01-08 15:39:01.603,164.789,665.25
2026-01-08 15:39:01.923,165.091,665.25
2026-01-08 15:39:02.244,165.393,665.25
2026-01-08 15:39:02.565,165.695,665.50
2026-01-08 15:39:02.886,165.997,665.75
2026-01-08 15:39:03.206,166.299,665.75
2026-01-08 15:39:03.527,166.601,666.25
2026-01-08 15:39:03.848,166.903,666.25
2026-01-08 15:39:04.169,167.205,665.75
2026-01-08 15:39:04.488,167.507,666.25
2026-01-08 15:39:04.809,167.809,666.75
2026-01-08 15:39:05.131,168.111,667.00
2026-01-08 15:39:05.451,168.413,666.75
2026-01-08 15:39:05.772,168.715,666.50
2026-01-08 15:39:06.092,169.017,667.50
2026-01-08 15:39:06.413,169.319,667.25
2026-01-08 15:39:06.734,169.621,667.50
2026-01-08 15:39:07.054,169.923,667.00
2026-01-08 15:39:07.376,170.225,668.00
2026-01-08 15:39:07.696,170.527,668.00
2026-01-08 15:39:08.017,170.829,668.00
2026-01-08 15:39:08.337,171.131,668.50
2026-01-08 15:39:08.658,171.433,668.00
2026-01-08 15:39:08.980,171.735,668.00
2026-01-08 15:39:09.300,172.037,668.75
2026-01-08 15:39:09.620,172.339,669.00
2026-01-08 15:39:09.941,172.641,668.50
2026-01-08 15:39:10.261,172.943,668.50
2026-01-08 15:39:10.582,173.245,669.00
2026-01-08 15:39:10.903,173.547,669.25
2026-01-08 15:39:11.223,173.849,669.00
2026-01-08 15:39:11.544,174.151,669.25
2026-01-08 15:39:11.865,174.453,669.25
2026-01-08 15:39:12.186,174.755,669.50
2026-01-08 15:39:12.508,175.057,669.25
2026-01-08 15:39:12.827,175.359,669.25
2026-01-08 15:39:13.147,175.661,669.75
2026-01-08 15:39:13.468,175.963,669.75
2026-01-08 15:39:13.788,176.265,669.75
2026-01-08 15:39:14.109,176.567,670.00
2026-01-08 15:39:14.430,176.869,670.00
2026-01-08 15:39:14.751,177.171,670.00
2026-01-08 15:39:15.071,177.473,670.50
2026-01-08 15:39:15.391,177.775,670.00
2026-01-08 15:39:15.712,178.077,670.25
2026-01-08 15:39:16.033,178.379,670.50
2026-01-08 15:39:16.354,178.681,670.50
2026-01-08 15:39:16.674,178.983,670.50
2026-01-08 15:39:16.995,179.285,671.00
2026-01-08 15:39:17.316,179.587,670.25
2026-01-08 15:39:17.637,179.889,670.25
2026-01-08 15:39:17.957,180.191,670.50
2026-01-08 15:39:18.279,180.493,671.25
2026-01-08 15:39:18.598,180.795,671.25
2026-01-08 15:39:18.919,181.097,671.50
2026-01-08 15:39:19.240,181.399,670.75
2026-01-08 15:39:19.561,181.701,671.00
2026-01-08 15:39:19.881,182.003,671.50
2026-01-08 15:39:20.202,182.305,671.50
2026-01-08 15:39:20.522,182.607,670.75
2026-01-08 15:39:20.843,182.909,671.50
2026-01-08 15:39:21.164,183.211,671.25
2026-01-08 15:39:21.485,183.513,671.50
2026-01-08 15:39:21.805,183.815,671.50
2026-01-08 15:39:22.126,184.117,671.75
2026-01-08 15:39:22.446,184.419,671.75
2026-01-08 15:39:22.767,184.721,671.50
2026-01-08 15:39:23.088,185.023,671.50
2026-01-08 15:39:23.408,185.325,671.50
2026-01-08 15:39:23.729,185.627,671.25
2026-01-08 15:39:24.049,185.929,672.00
2026-01-08 15:39:24.370,186.231,671.75
2026-01-08 15:39:24.690,186.533,672.00
2026-01-08 15:39:25.011,186.835,672.00
2026-01-08 15:39:25.331,187.137,672.00
2026-01-08 15:39:25.652,187.439,672.00
2026-01-08 15:39:25.973,187.741,671.75
2026-01-08 15:39:26.293,188.043,672.00
2026-01-08 15:39:26.614,188.345,671.75
2026-01-08 15:39:26.935,188.647,672.00
2026-01-08 15:39:27.255,188.949,672.25
2026-01-08 15:39:27.576,189.251,672.25
2026-01-08 15:39:27.897,189.553,672.25
2026-01-08 15:39:28.218,189.855,672.25
2026-01-08 15:39:28.539,190.157,672.00
2026-01-08 15:39:28.859,190.459,672.50
2026-01-08 15:39:29.180,190.761,672.50
2026-01-08 15:39:29.500,191.063,672.00
2026-01-08 15:39:29.821,191.365,672.75
2026-01-08 15:39:30.142,191.667,672.25
2026-01-08 15:39:30.463,191.969,672.00
2026-01-08 15:39:30.784,192.271,672.25
2026-01-08 15:39:31.104,192.573,672.50
2026-01-08 15:39:31.425,192.875,672.25
2026-01-08 15:39:31.745,193.177,672.50
2026-01-08 15:39:32.066,193.479,672.50
2026-01-08 15:39:32.387,193.781,672.75
2026-01-08 15:39:32.707,194.083,672.50
2026-01-08 15:39:33.028,194.385,673.00
2026-01-08 15:39:33.350,194.687,672.50
2026-01-08 15:39:33.669,194.989,672.25
2026-01-08 15:39:33.990,195.291,672.50
2026-01-08 15:39:34.312,195.593,672.75
2026-01-08 15:39:34.632,195.895,672.25
2026-01-08 15:39:34.952,196.197,672.50
2026-01-08 15:39:35.273,196.499,672.75
2026-01-08 15:39:35.593,196.801,672.50
2026-01-08 15:39:35.914,197.103,672.75
2026-01-08 15:39:36.262,197.405,672.75
2026-01-08 15:39:36.556,197.707,672.75
2026-01-08 15:39:36.877,198.009,672.25
2026-01-08 15:39:37.198,198.311,672.50
2026-01-08 15:39:37.518,198.613,672.50
2026-01-08 15:39:37.839,198.915,672.75
2026-01-08 15:39:38.159,199.217,672.75
2026-01-08 15:39:38.479,199.519,672.75
2026-01-08 15:39:38.802,199.821,672.50
2026-01-08 15:39:39.122,200.123,672.75
2026-01-08 15:39:39.443,200.425,672.75
2026-01-08 15:39:39.763,200.727,672.75
2026-01-08 15:39:40.084,201.029,672.25
2026-01-08 15:39:40.405,201.331,672.75
2026-01-08 15:39:40.726,201.633,672.50
2026-01-08 15:39:41.047,201.935,672.75
2026-01-08 15:39:41.367,202.237,672.25
2026-01-08 15:39:41.688,202.539,672.25
2026-01-08 15:39:42.009,202.841,672.50
2026-01-08 15:39:42.330,203.143,672.50
2026-01-08 15:39:42.651,203.445,672.50
2026-01-08 15:39:42.972,203.747,672.75
2026-01-08 15:39:43.293,204.049,672.50
2026-01-08 15:39:43.614,204.351,672.50
2026-01-08 15:39:43.934,204.653,672.25
2026-01-08 15:39:44.255,204.955,672.25
2026-01-08 15:39:44.581,205.257,672.25
2026-01-08 15:39:44.896,205.559,672.25
2026-01-08 15:39:45.218,205.861,671.75
2026-01-08 15:39:45.538,206.163,672.25
2026-01-08 15:39:45.859,206.465,672.25
2026-01-08 15:39:46.180,206.767,672.00
2026-01-08 15:39:46.501,207.069,672.00
2026-01-08 15:39:46.821,207.371,671.75
2026-01-08 15:39:47.142,207.673,672.00
2026-01-08 15:39:47.463,207.975,671.50
2026-01-08 15:39:47.784,208.277,671.75
2026-01-08 15:39:48.104,208.579,672.00
2026-01-08 15:39:48.426,208.881,671.25
2026-01-08 15:39:48.746,209.183,671.50
2026-01-08 15:39:49.068,209.485,671.50
2026-01-08 15:39:49.387,209.787,671.50
2026-01-08 15:39:49.708,210.089,671.25
2026-01-08 15:39:50.029,210.391,671.50
2026-01-08 15:39:50.350,210.693,671.25
2026-01-08 15:39:50.671,210.995,671.50
2026-01-08 15:39:50.992,211.297,671.00
2026-01-08 15:39:51.312,211.599,671.25
2026-01-08 15:39:51.633,211.901,671.00
2026-01-08 15:39:51.954,212.203,671.25
2026-01-08 15:39:52.276,212.505,671.00
2026-01-08 15:39:52.596,212.807,670.75
2026-01-08 15:39:52.917,213.109,670.50
2026-01-08 15:39:53.239,213.411,670.50
2026-01-08 15:39:53.560,213.713,670.00
2026-01-08 15:39:53.881,214.015,670.00
2026-01-08 15:39:54.202,214.317,669.75
2026-01-08 15:39:54.523,214.619,669.25
2026-01-08 15:39:54.844,214.921,668.50
2026-01-08 15:39:55.164,215.223,667.75
2026-01-08 15:39:55.485,215.525,667.50
2026-01-08 15:39:55.806,215.827,666.50
2026-01-08 15:39:56.128,216.129,665.75
2026-01-08 15:39:56.449,216.431,664.75
2026-01-08 15:39:56.769,216.733,663.25
2026-01-08 15:39:57.090,217.035,662.50
2026-01-08 15:39:57.412,217.337,661.75
2026-01-08 15:39:57.732,217.639,660.00
2026-01-08 15:39:58.053,217.941,659.00
2026-01-08 15:39:58.374,218.243,658.00
2026-01-08 15:39:58.695,218.545,657.00
2026-01-08 15:39:59.016,218.847,655.50
2026-01-08 15:39:59.336,219.149,654.25
2026-01-08 15:39:59.657,219.451,653.00
2026-01-08 15:39:59.977,219.753,652.00
2026-01-08 15:40:00.298,220.055,650.75
2026-01-08 15:40:00.619,220.357,649.75
2026-01-08 15:40:00.940,220.659,648.25
2026-01-08 15:40:01.261,220.961,647.25
2026-01-08 15:40:01.582,221.263,646.25
2026-01-08 15:40:01.902,221.565,645.00
2026-01-08 15:40:02.223,221.867,643.75
2026-01-08 15:40:02.544,222.169,642.75
2026-01-08 15:40:02.865,222.471,642.25
2026-01-08 15:40:03.186,222.773,641.50
2026-01-08 15:40:03.506,223.075,640.50
2026-01-08 15:40:03.827,223.377,639.25
2026-01-08 15:40:04.148,223.679,638.00
2026-01-08 15:40:04.469,223.981,637.50
2026-01-08 15:40:04.790,224.283,636.75
2026-01-08 15:40:05.110,224.585,635.75
2026-01-08 15:40:05.431,224.887,635.00
2026-01-08 15:40:05.752,225.189,633.75
2026-01-08 15:40:06.073,225.491,633.00
2026-01-08 15:40:06.393,225.793,632.00
2026-01-08 15:40:06.714,226.095,631.50
2026-01-08 15:40:07.035,226.397,630.00
2026-01-08 15:40:07.356,226.699,629.50
2026-01-08 15:40:07.677,227.001,628.50
2026-01-08 15:40:07.997,227.303,627.25
2026-01-08 15:40:08.319,227.605,626.75
2026-01-08 15:40:08.639,227.907,626.25
2026-01-08 15:40:08.960,228.209,625.00
2026-01-08 15:40:09.280,228.511,624.25
2026-01-08 15:40:09.601,228.813,623.25
2026-01-08 15:40:09.921,229.115,622.25
2026-01-08 15:40:10.242,229.417,621.75
2026-01-08 15:40:10.563,229.719,621.00
2026-01-08 15:40:10.884,230.021,620.25
2026-01-08 15:40:11.205,230.323,619.25
2026-01-08 15:40:11.525,230.625,618.75
2026-01-08 15:40:11.846,230.927,617.75
2026-01-08 15:40:12.167,231.229,617.00
2026-01-08 15:40:12.488,231.531,616.00
2026-01-08 15:40:12.809,231.833,615.50
2026-01-08 15:40:13.128,232.135,615.00
2026-01-08 15:40:13.449,232.437,613.75
2026-01-08 15:40:13.771,232.739,613.50
2026-01-08 15:40:14.092,233.041,612.75
2026-01-08 15:40:14.412,233.343,612.25
2026-01-08 15:40:14.733,233.645,611.25
2026-01-08 15:40:15.054,233.947,610.25
2026-01-08 15:40:15.375,234.249,610.00
2026-01-08 15:40:15.695,234.551,608.75
2026-01-08 15:40:16.016,234.853,608.25
2026-01-08 15:40:16.337,235.155,607.25
2026-01-08 15:40:16.657,235.457,607.00
2026-01-08 15:40:16.978,235.759,606.25
2026-01-08 15:40:17.299,236.061,605.50
2026-01-08 15:40:17.619,236.363,605.00
2026-01-08 15:40:17.943,236.665,604.00
2026-01-08 15:40:18.261,236.967,603.25
2026-01-08 15:40:18.582,237.269,603.00
2026-01-08 15:40:18.902,237.571,602.25
2026-01-08 15:40:19.223,237.873,601.75
2026-01-08 15:40:19.543,238.175,600.75
2026-01-08 15:40:19.864,238.477,600.00
2026-01-08 15:40:20.185,238.779,599.25
2026-01-08 15:40:20.505,239.081,599.25
2026-01-08 15:40:20.826,239.383,598.00
2026-01-08 15:40:21.148,239.685,597.50
2026-01-08 15:40:21.467,239.987,596.75
2026-01-08 15:40:21.788,240.289,596.25
2026-01-08 15:40:22.110,240.591,595.50
2026-01-08 15:40:22.429,240.893,594.75
2026-01-08 15:40:22.750,241.195,594.00
2026-01-08 15:40:23.071,241.497,593.25
2026-01-08 15:40:23.391,241.799,592.75
2026-01-08 15:40:23.712,242.101,592.00
2026-01-08 15:40:24.033,242.403,591.25
2026-01-08 15:40:24.354,242.705,590.75
2026-01-08 15:40:24.675,243.007,589.75
2026-01-08 15:40:24.995,243.309,589.25
2026-01-08 15:40:25.317,243.611,588.50
2026-01-08 15:40:25.637,243.913,587.75
2026-01-08 15:40:25.958,244.215,587.00
2026-01-08 15:40:26.279,244.517,586.50
2026-01-08 15:40:26.599,244.819,585.25
2026-01-08 15:40:26.919,245.121,585.50
2026-01-08 15:40:27.241,245.423,585.00
2026-01-08 15:40:27.561,245.725,584.25
2026-01-08 15:40:27.881,246.027,583.75
2026-01-08 15:40:28.203,246.329,582.75
2026-01-08 15:40:28.523,246.631,582.50
2026-01-08 15:40:28.845,246.933,581.75
2026-01-08 15:40:29.165,247.235,581.25
2026-01-08 15:40:29.486,247.537,580.50
2026-01-08 15:40:29.808,247.839,580.75
2026-01-08 15:40:30.127,248.141,579.50
2026-01-08 15:40:30.447,248.443,579.25
2026-01-08 15:40:30.769,248.745,578.50
2026-01-08 15:40:31.090,249.047,578.00
2026-01-08 15:40:31.411,249.349,577.75
2026-01-08 15:40:31.731,249.651,577.25
2026-01-08 15:40:32.052,249.953,576.50
2026-01-08 15:40:32.373,250.255,575.50
2026-01-08 15:40:32.694,250.557,575.00
2026-01-08 15:40:33.015,250.859,575.25
2026-01-08 15:40:33.336,251.161,574.00
2026-01-08 15:40:33.657,251.463,573.75
2026-01-08 15:40:33.977,251.765,573.50
2026-01-08 15:40:34.298,252.067,573.00
2026-01-08 15:40:34.619,252.369,572.75
2026-01-08 15:40:34.940,252.671,572.25
2026-01-08 15:40:35.261,252.973,571.50
2026-01-08 15:40:35.582,253.275,571.50
2026-01-08 15:40:35.904,253.577,571.00
2026-01-08 15:40:36.224,253.879,570.75
2026-01-08 15:40:36.546,254.181,570.50
2026-01-08 15:40:36.866,254.483,569.75
2026-01-08 15:40:37.186,254.785,569.25
2026-01-08 15:40:37.507,255.087,568.75
2026-01-08 15:40:37.828,255.389,568.75
2026-01-08 15:40:38.149,255.691,568.50
2026-01-08 15:40:38.470,255.993,568.50
2026-01-08 15:40:38.792,256.295,568.00
2026-01-08 15:40:39.111,256.597,567.50
2026-01-08 15:40:39.432,256.899,567.50
2026-01-08 15:40:39.753,257.201,567.25
2026-01-08 15:40:40.075,257.503,567.25
2026-01-08 15:40:40.396,257.805,566.50
2026-01-08 15:40:40.716,258.107,566.50
2026-01-08 15:40:41.036,258.409,566.50
2026-01-08 15:40:41.358,258.711,566.00
2026-01-08 15:40:41.678,259.013,565.75
2026-01-08 15:40:41.999,259.315,565.25
2026-01-08 15:40:42.320,259.617,565.25
2026-01-08 15:40:42.640,259.919,564.50
2026-01-08 15:40:42.962,260.221,564.50
2026-01-08 15:40:43.283,260.523,564.00
2026-01-08 15:40:43.603,260.825,563.50
2026-01-08 15:40:43.924,261.127,563.25
2026-01-08 15:40:44.244,261.429,563.00
2026-01-08 15:40:44.565,261.731,562.25
2026-01-08 15:40:44.886,262.033,561.50
2026-01-08 15:40:45.207,262.335,561.25
2026-01-08 15:40:45.527,262.637,560.75
2026-01-08 15:40:45.847,262.939,560.25
2026-01-08 15:40:46.169,263.241,560.25
2026-01-08 15:40:46.489,263.543,559.75
2026-01-08 15:40:46.810,263.845,558.75
2026-01-08 15:40:47.131,264.147,558.50
2026-01-08 15:40:47.451,264.449,558.25
2026-01-08 15:40:47.771,264.751,558.50
2026-01-08 15:40:48.093,265.053,557.75
2026-01-08 15:40:48.414,265.355,557.75
2026-01-08 15:40:48.734,265.657,556.75
2026-01-08 15:40:49.055,265.959,557.00
2026-01-08 15:40:49.376,266.261,556.25
2026-01-08 15:40:49.697,266.563,555.50
2026-01-08 15:40:50.017,266.865,556.25
2026-01-08 15:40:50.338,267.167,555.50
2026-01-08 15:40:50.659,267.469,555.25
2026-01-08 15:40:50.979,267.771,555.00
2026-01-08 15:40:51.301,268.073,554.75
2026-01-08 15:40:51.621,268.375,554.25
2026-01-08 15:40:51.942,268.677,554.00
2026-01-08 15:40:52.262,268.979,553.00
2026-01-08 15:40:52.583,269.281,552.75
2026-01-08 15:40:52.904,269.583,552.50
2026-01-08 15:40:53.225,269.885,552.50
2026-01-08 15:40:53.546,270.187,552.50
2026-01-08 15:40:53.866,270.489,552.25
2026-01-08 15:40:54.187,270.791,551.75
2026-01-08 15:40:54.509,271.093,551.75
2026-01-08 15:40:54.829,271.395,551.00
2026-01-08 15:40:55.149,271.697,551.00
2026-01-08 15:40:55.470,271.999,550.25
2026-01-08 15:40:55.791,272.301,550.25
2026-01-08 15:40:56.113,272.603,549.75
2026-01-08 15:40:56.433,272.905,549.50
2026-01-08 15:40:56.753,273.207,549.50
2026-01-08 15:40:57.074,273.509,548.75
2026-01-08 15:40:57.395,273.811,549.00
2026-01-08 15:40:57.715,274.113,548.75
2026-01-08 15:40:58.037,274.415,548.25
2026-01-08 15:40:58.357,274.717,548.00
2026-01-08 15:40:58.678,275.019,547.50
2026-01-08 15:40:58.999,275.321,547.00
2026-01-08 15:40:59.319,275.623,547.25
2026-01-08 15:40:59.641,275.925,546.25
2026-01-08 15:40:59.961,276.227,545.75
2026-01-08 15:41:00.282,276.529,546.00
2026-01-08 15:41:00.602,276.831,545.75
2026-01-08 15:41:00.923,277.133,545.25
2026-01-08 15:41:01.245,277.435,545.00
2026-01-08 15:41:01.565,277.737,544.25
2026-01-08 15:41:01.886,278.039,544.50
2026-01-08 15:41:02.206,278.341,543.75
2026-01-08 15:41:02.527,278.643,544.00
2026-01-08 15:41:02.849,278.945,543.25
2026-01-08 15:41:03.169,279.247,543.25
2026-01-08 15:41:03.490,279.549,543.00
2026-01-08 15:41:03.811,279.851,542.50
2026-01-08 15:41:04.131,280.153,542.25
2026-01-08 15:41:04.452,280.455,541.75
2026-01-08 15:41:04.772,280.757,542.00
2026-01-08 15:41:05.094,281.059,541.75
2026-01-08 15:41:05.415,281.361,541.50
2026-01-08 15:41:05.735,281.663,541.25
2026-01-08 15:41:06.056,281.965,541.00
2026-01-08 15:41:06.377,282.267,540.75
2026-01-08 15:41:06.697,282.569,540.50
2026-01-08 15:41:07.018,282.871,539.75
2026-01-08 15:41:07.339,283.173,540.00
2026-01-08 15:41:07.659,283.475,539.00
2026-01-08 15:41:07.980,283.777,539.50
2026-01-08 15:41:08.300,284.079,538.75
2026-01-08 15:41:08.621,284.381,538.75
2026-01-08 15:41:08.942,284.683,538.25
2026-01-08 15:41:09.262,284.985,538.25
2026-01-08 15:41:09.584,285.287,537.75
2026-01-08 15:41:09.903,285.589,538.00
2026-01-08 15:41:10.224,285.891,537.50
2026-01-08 15:41:10.545,286.193,537.00
2026-01-08 15:41:10.865,286.495,536.50
2026-01-08 15:41:11.186,286.797,536.25
2026-01-08 15:41:11.507,287.099,535.50
2026-01-08 15:41:11.828,287.401,536.00
2026-01-08 15:41:12.148,287.703,535.50
2026-01-08 15:41:12.469,288.005,535.25
2026-01-08 15:41:12.789,288.307,534.75
2026-01-08 15:41:13.111,288.609,534.25
2026-01-08 15:41:13.431,288.911,533.50
2026-01-08 15:41:13.753,289.213,533.00
2026-01-08 15:41:14.073,289.515,533.25
2026-01-08 15:41:14.393,289.817,532.75
2026-01-08 15:41:14.714,290.119,532.50
2026-01-08 15:41:15.037,290.421,532.25
2026-01-08 15:41:15.356,290.723,531.25
2026-01-08 15:41:15.676,291.025,531.50
2026-01-08 15:41:15.996,291.327,531.00
2026-01-08 15:41:16.317,291.629,530.50
2026-01-08 15:41:16.637,291.931,530.25
2026-01-08 15:41:16.959,292.233,530.00
2026-01-08 15:41:17.279,292.535,529.75
2026-01-08 15:41:17.600,292.837,529.50
2026-01-08 15:41:17.921,293.139,528.50
2026-01-08 15:41:18.241,293.441,529.50
2026-01-08 15:41:18.563,293.743,528.75
2026-01-08 15:41:18.883,294.045,528.75
2026-01-08 15:41:19.204,294.347,528.00
2026-01-08 15:41:19.524,294.649,528.25
2026-01-08 15:41:19.845,294.951,527.75
2026-01-08 15:41:20.166,295.253,528.00
2026-01-08 15:41:20.488,295.555,527.75
2026-01-08 15:41:20.808,295.857,527.25
2026-01-08 15:41:21.129,296.159,527.00
2026-01-08 15:41:21.450,296.461,526.50
2026-01-08 15:41:21.771,296.763,526.50
2026-01-08 15:41:22.092,297.065,526.50
2026-01-08 15:41:22.413,297.367,526.25
2026-01-08 15:41:22.734,297.669,525.75
2026-01-08 15:41:23.055,297.971,526.00
2026-01-08 15:41:23.375,298.273,526.00
2026-01-08 15:41:23.696,298.575,525.75
2026-01-08 15:41:24.017,298.877,525.50
2026-01-08 15:41:24.338,299.179,525.00
2026-01-08 15:41:24.658,299.481,525.25
2026-01-08 15:41:24.979,299.783,525.00
2026-01-08 15:41:25.300,300.085,524.75
2026-01-08 15:41:25.621,300.387,524.25
2026-01-08 15:41:25.941,300.689,524.00
2026-01-08 15:41:26.263,300.991,524.25
2026-01-08 15:41:26.583,301.293,524.00
2026-01-08 15:41:26.903,301.595,524.00
2026-01-08 15:41:27.224,301.897,523.75
2026-01-08 15:41:27.545,302.199,523.75
2026-01-08 15:41:27.867,302.501,523.75
2026-01-08 15:41:28.187,302.803,523.25
2026-01-08 15:41:28.508,303.105,523.25
2026-01-08 15:41:28.828,303.407,523.00
2026-01-08 15:41:29.149,303.709,522.75
2026-01-08 15:41:29.471,304.011,522.50
2026-01-08 15:41:29.792,304.313,522.50
2026-01-08 15:41:30.111,304.615,522.25
2026-01-08 15:41:30.432,304.917,522.00
2026-01-08 15:41:30.753,305.219,521.75
2026-01-08 15:41:31.074,305.521,521.75
2026-01-08 15:41:31.396,305.823,521.75
2026-01-08 15:41:31.715,306.125,521.50
2026-01-08 15:41:32.036,306.427,521.25
2026-01-08 15:41:32.357,306.729,521.25
2026-01-08 15:41:32.677,307.031,521.25
2026-01-08 15:41:32.999,307.333,521.00
2026-01-08 15:41:33.319,307.635,521.00
2026-01-08 15:41:33.641,307.937,520.25
2026-01-08 15:41:33.961,308.239,520.75
2026-01-08 15:41:34.282,308.541,519.50
2026-01-08 15:41:34.603,308.843,520.50
2026-01-08 15:41:34.924,309.145,520.00
2026-01-08 15:41:35.243,309.447,520.25
2026-01-08 15:41:35.564,309.749,520.00
2026-01-08 15:41:35.886,310.051,519.50
2026-01-08 15:41:36.207,310.353,519.50
2026-01-08 15:41:36.527,310.655,519.50
2026-01-08 15:41:36.847,310.957,519.25
2026-01-08 15:41:37.168,311.259,519.00
2026-01-08 15:41:37.488,311.561,519.00
2026-01-08 15:41:37.810,311.863,519.00
2026-01-08 15:41:38.130,312.165,519.00
2026-01-08 15:41:38.450,312.467,519.00
2026-01-08 15:41:38.772,312.769,518.75
2026-01-08 15:41:39.092,313.071,518.75
2026-01-08 15:41:39.413,313.373,518.75
2026-01-08 15:41:39.734,313.675,518.50
2026-01-08 15:41:40.055,313.977,518.50
2026-01-08 15:41:40.375,314.279,518.75
2026-01-08 15:41:40.696,314.581,518.25
2026-01-08 15:41:41.017,314.883,518.75
2026-01-08 15:41:41.339,315.185,518.50
2026-01-08 15:41:41.659,315.487,518.00
2026-01-08 15:41:41.979,315.789,518.25
2026-01-08 15:41:42.300,316.091,518.00
2026-01-08 15:41:42.620,316.393,518.25
2026-01-08 15:41:42.942,316.695,517.75
2026-01-08 15:41:43.262,316.997,518.00
2026-01-08 15:41:43.582,317.299,517.50
2026-01-08 15:41:43.903,317.601,518.00
2026-01-08 15:41:44.224,317.903,517.25
2026-01-08 15:41:44.546,318.205,517.50
2026-01-08 15:41:44.865,318.507,518.00
2026-01-08 15:41:45.186,318.809,517.50
2026-01-08 15:41:45.507,319.111,517.25
2026-01-08 15:41:45.828,319.413,517.25
2026-01-08 15:41:46.149,319.715,517.00
2026-01-08 15:41:46.469,320.017,517.50
2026-01-08 15:41:46.790,320.319,517.75
2026-01-08 15:41:47.111,320.621,517.50
2026-01-08 15:41:47.432,320.923,517.75
2026-01-08 15:41:47.753,321.225,517.50
2026-01-08 15:41:48.074,321.527,517.25
2026-01-08 15:41:48.395,321.829,517.75
2026-01-08 15:41:48.716,322.131,517.25
2026-01-08 15:41:49.036,322.433,518.00
2026-01-08 15:41:49.358,322.735,518.00
2026-01-08 15:41:49.679,323.037,517.50
2026-01-08 15:41:50.000,323.339,517.50
2026-01-08 15:41:50.321,323.641,517.75
2026-01-08 15:41:50.642,323.943,517.50
2026-01-08 15:41:50.963,324.245,517.50
2026-01-08 15:41:51.283,324.547,518.00
2026-01-08 15:41:51.605,324.849,517.25
2026-01-08 15:41:51.925,325.151,516.25
2026-01-08 15:41:52.246,325.453,516.75
2026-01-08 15:41:52.567,325.755,516.25
2026-01-08 15:41:52.888,326.057,516.50
2026-01-08 15:41:53.209,326.359,516.75
2026-01-08 15:41:53.530,326.661,516.00
2026-01-08 15:41:53.851,326.963,516.75
2026-01-08 15:41:54.172,327.265,516.75
2026-01-08 15:41:54.492,327.567,517.00
2026-01-08 15:41:54.813,327.869,516.00
2026-01-08 15:41:55.134,328.171,516.50
2026-01-08 15:41:55.455,328.473,516.50
2026-01-08 15:41:55.776,328.775,516.75
2026-01-08 15:41:56.096,329.077,516.50
2026-01-08 15:41:56.418,329.379,516.00
2026-01-08 15:41:56.739,329.681,516.50
2026-01-08 15:41:57.059,329.983,516.50
2026-01-08 15:41:57.380,330.285,516.25
2026-01-08 15:41:57.701,330.587,516.25
2026-01-08 15:41:58.022,330.889,515.75
2026-01-08 15:41:58.343,331.191,516.50
2026-01-08 15:41:58.663,331.493,516.25
2026-01-08 15:41:58.984,331.795,516.25
2026-01-08 15:41:59.305,332.097,516.25
2026-01-08 15:41:59.625,332.399,516.25
2026-01-08 15:41:59.946,332.701,516.00
2026-01-08 15:42:00.267,333.003,516.25
2026-01-08 15:42:00.588,333.305,516.00
2026-01-08 15:42:00.909,333.607,515.75
2026-01-08 15:42:01.230,333.909,516.00
2026-01-08 15:42:01.550,334.211,516.00
2026-01-08 15:42:01.871,334.513,515.50
2026-01-08 15:42:02.192,334.815,515.75
2026-01-08 15:42:02.513,335.117,516.00
2026-01-08 15:42:02.834,335.419,515.75
2026-01-08 15:42:03.155,335.721,515.50
2026-01-08 15:42:03.476,336.023,515.25
2026-01-08 15:42:03.797,336.325,515.25
2026-01-08 15:42:04.117,336.627,515.75
2026-01-08 15:42:04.438,336.929,515.75
2026-01-08 15:42:04.759,337.231,515.00
2026-01-08 15:42:05.080,337.533,515.50
2026-01-08 15:42:05.401,337.835,515.75
2026-01-08 15:42:05.721,338.137,514.75
2026-01-08 15:42:06.042,338.439,514.75
2026-01-08 15:42:06.364,338.741,515.25
2026-01-08 15:42:06.685,339.043,515.00
2026-01-08 15:42:07.005,339.345,514.75
2026-01-08 15:42:07.326,339.647,514.50
2026-01-08 15:42:07.647,339.949,514.25
2026-01-08 15:42:07.968,340.251,514.50
2026-01-08 15:42:08.289,340.553,513.75
2026-01-08 15:42:08.609,340.855,514.25
2026-01-08 15:42:08.930,341.157,513.75
2026-01-08 15:42:09.252,341.459,513.75
2026-01-08 15:42:09.572,341.761,513.50
2026-01-08 15:42:09.893,342.063,513.50
2026-01-08 15:42:10.213,342.365,513.00
2026-01-08 15:42:10.534,342.667,513.25
2026-01-08 15:42:10.854,342.969,513.25
2026-01-08 15:42:11.176,343.271,512.75
2026-01-08 15:42:11.497,343.573,512.75
2026-01-08 15:42:11.818,343.875,512.50
2026-01-08 15:42:12.138,344.177,512.25
2026-01-08 15:42:12.459,344.479,511.75
2026-01-08 15:42:12.780,344.781,512.50
2026-01-08 15:42:13.101,345.083,512.50
2026-01-08 15:42:13.422,345.385,512.50
2026-01-08 15:42:13.742,345.687,511.75
2026-01-08 15:42:15.378,345.989,512.00
2026-01-08 15:42:15.379,346.291,511.75
2026-01-08 15:42:15.380,346.593,512.25
2026-01-08 15:42:15.380,346.895,511.75
2026-01-08 15:42:15.381,347.197,511.50
2026-01-08 15:42:15.667,347.499,511.50
2026-01-08 15:42:15.988,347.801,511.75
2026-01-08 15:42:16.309,348.103,511.75
2026-01-08 15:42:16.630,348.405,511.25
2026-01-08 15:42:16.951,348.707,511.25
2026-01-08 15:42:17.272,349.009,510.75
2026-01-08 15:42:17.592,349.311,511.00
2026-01-08 15:42:17.913,349.613,511.00
2026-01-08 15:42:18.234,349.915,511.00
2026-01-08 15:42:18.555,350.217,510.25
2026-01-08 15:42:18.876,350.519,509.75
2026-01-08 15:42:19.197,350.821,510.00
2026-01-08 15:42:19.518,351.123,510.25
2026-01-08 15:42:19.838,351.425,510.00
2026-01-08 15:42:20.159,351.727,510.25
2026-01-08 15:42:20.480,352.029,509.50
2026-01-08 15:42:20.801,352.331,509.00
2026-01-08 15:42:21.121,352.633,509.50
2026-01-08 15:42:21.442,352.935,509.50
2026-01-08 15:42:21.763,353.237,509.25
2026-01-08 15:42:22.084,353.539,509.25
2026-01-08 15:42:22.405,353.841,508.75
2026-01-08 15:42:22.726,354.143,509.00
2026-01-08 15:42:23.046,354.445,508.75
2026-01-08 15:42:23.367,354.747,508.25
2026-01-08 15:42:23.688,355.049,508.75
2026-01-08 15:42:24.010,355.351,508.25
2026-01-08 15:42:24.330,355.653,508.25
2026-01-08 15:42:24.651,355.955,507.50
2026-01-08 15:42:24.972,356.257,508.25
2026-01-08 15:42:25.294,356.559,507.75
2026-01-08 15:42:25.613,356.861,508.00
2026-01-08 15:42:25.935,357.163,507.50
2026-01-08 15:42:26.255,357.465,508.00
2026-01-08 15:42:26.576,357.767,507.75
2026-01-08 15:42:26.898,358.069,507.50
2026-01-08 15:42:27.218,358.371,507.50
2026-01-08 15:42:27.539,358.673,507.00
2026-01-08 15:42:27.860,358.975,506.75
2026-01-08 15:42:28.180,359.277,506.75
2026-01-08 15:42:28.501,359.579,507.25
2026-01-08 15:42:28.822,359.881,507.25
2026-01-08 15:42:29.143,360.183,507.00
2026-01-08 15:42:29.463,360.485,507.25
2026-01-08 15:42:29.784,360.787,506.75
2026-01-08 15:42:30.105,361.089,506.25
2026-01-08 15:42:30.426,361.391,507.00
2026-01-08 15:42:30.746,361.693,507.25
2026-01-08 15:42:31.067,361.995,507.00
2026-01-08 15:42:31.388,362.297,506.75
2026-01-08 15:42:31.709,362.599,506.25
2026-01-08 15:42:32.030,362.901,507.25
2026-01-08 15:42:32.350,363.203,506.75
2026-01-08 15:42:32.671,363.505,507.00
2026-01-08 15:42:32.992,363.807,506.75
2026-01-08 15:42:33.313,364.109,506.50
2026-01-08 15:42:33.633,364.411,507.00
2026-01-08 15:42:33.954,364.713,507.00
2026-01-08 15:42:34.276,365.015,506.75
2026-01-08 15:42:34.596,365.317,506.75
2026-01-08 15:42:34.917,365.619,506.50
2026-01-08 15:42:35.237,365.921,507.00
2026-01-08 15:42:35.558,366.223,507.00
2026-01-08 15:42:35.879,366.525,507.00
2026-01-08 15:42:36.200,366.827,507.00
2026-01-08 15:42:36.521,367.129,506.75
2026-01-08 15:42:36.841,367.431,507.00
2026-01-08 15:42:37.162,367.733,506.25
2026-01-08 15:42:37.484,368.035,507.25
2026-01-08 15:42:37.803,368.337,507.00
2026-01-08 15:42:38.124,368.639,506.75
2026-01-08 15:42:38.445,368.941,507.00
2026-01-08 15:42:38.766,369.243,507.00
2026-01-08 15:42:39.086,369.545,507.00
2026-01-08 15:42:39.407,369.847,506.25
2026-01-08 15:42:39.729,370.149,506.75
2026-01-08 15:42:40.049,370.451,506.50
2026-01-08 15:42:40.369,370.753,506.50
2026-01-08 15:42:40.690,371.055,506.50
2026-01-08 15:42:41.011,371.357,506.25
2026-01-08 15:42:41.331,371.659,506.00
2026-01-08 15:42:41.652,371.961,506.00
2026-01-08 15:42:41.973,372.263,505.75
2026-01-08 15:42:42.295,372.565,505.75
2026-01-08 15:42:42.615,372.867,505.75
2026-01-08 15:42:42.935,373.169,505.50
2026-01-08 15:42:43.257,373.471,505.50
2026-01-08 15:42:43.577,373.773,505.50
2026-01-08 15:42:43.898,374.075,505.25
2026-01-08 15:42:44.219,374.377,505.25
2026-01-08 15:42:44.539,374.679,505.25
2026-01-08 15:42:44.859,374.981,505.25
2026-01-08 15:42:45.182,375.283,504.50
2026-01-08 15:42:45.502,375.585,504.75
2026-01-08 15:42:45.823,375.887,505.25
2026-01-08 15:42:46.143,376.189,505.25
2026-01-08 15:42:46.464,376.491,504.75
2026-01-08 15:42:46.785,376.793,505.25
2026-01-08 15:42:47.106,377.095,505.00
2026-01-08 15:42:47.427,377.397,505.25
2026-01-08 15:42:47.747,377.699,504.75
2026-01-08 15:42:48.068,378.001,504.50
2026-01-08 15:42:48.389,378.303,505.25
2026-01-08 15:42:48.709,378.605,505.25
2026-01-08 15:42:49.030,378.907,505.25
2026-01-08 15:42:49.351,379.209,505.25
2026-01-08 15:42:49.672,379.511,504.75
2026-01-08 15:42:49.993,379.813,504.75
2026-01-08 15:42:50.313,380.115,505.50
2026-01-08 15:42:50.634,380.417,505.00
2026-01-08 15:42:50.955,380.719,505.50
2026-01-08 15:42:51.275,381.021,505.25
2026-01-08 15:42:51.596,381.323,505.50
2026-01-08 15:42:51.917,381.625,505.25
2026-01-08 15:42:52.238,381.927,505.00
2026-01-08 15:42:52.558,382.229,505.25
2026-01-08 15:42:52.879,382.531,505.50
2026-01-08 15:42:53.201,382.833,505.75
2026-01-08 15:42:53.521,383.135,505.75
2026-01-08 15:42:53.842,383.437,505.50
2026-01-08 15:42:54.163,383.739,505.50
2026-01-08 15:42:54.483,384.041,505.50
2026-01-08 15:42:54.805,384.343,505.75
2026-01-08 15:42:55.125,384.645,506.25
2026-01-08 15:42:55.445,384.947,506.00
2026-01-08 15:42:55.766,385.249,506.00
2026-01-08 15:42:56.086,385.551,506.25
2026-01-08 15:42:56.407,385.853,506.25
2026-01-08 15:42:56.727,386.155,506.50
2026-01-08 15:42:57.048,386.457,507.50
2026-01-08 15:42:57.369,386.759,507.00
2026-01-08 15:42:57.689,387.061,508.75
2026-01-08 15:42:58.009,387.363,509.00
2026-01-08 15:42:58.333,387.665,509.50
2026-01-08 15:42:58.650,387.967,510.75
2026-01-08 15:42:58.972,388.269,511.75
2026-01-08 15:42:59.292,388.571,512.25
2026-01-08 15:42:59.613,388.873,513.50
2026-01-08 15:42:59.934,389.175,514.25
2026-01-08 15:43:00.255,389.477,514.75
2026-01-08 15:43:00.575,389.779,516.00
2026-01-08 15:43:00.897,390.081,517.25
2026-01-08 15:43:01.217,390.383,518.00
2026-01-08 15:43:01.537,390.685,519.25
2026-01-08 15:43:01.859,390.987,520.25
2026-01-08 15:43:02.180,391.289,520.75
2026-01-08 15:43:02.500,391.591,522.50
2026-01-08 15:43:02.822,391.893,523.50
2026-01-08 15:43:03.141,392.195,524.25
2026-01-08 15:43:03.462,392.497,525.25
2026-01-08 15:43:03.783,392.799,526.50
2026-01-08 15:43:04.103,393.101,528.00
2026-01-08 15:43:04.424,393.403,528.75
2026-01-08 15:43:04.744,393.705,529.50
2026-01-08 15:43:05.065,394.007,530.75
2026-01-08 15:43:05.386,394.309,532.00
2026-01-08 15:43:05.717,394.611,532.50
2026-01-08 15:43:06.027,394.913,534.00
2026-01-08 15:43:06.349,395.215,534.50
2026-01-08 15:43:06.668,395.517,535.50
2026-01-08 15:43:06.989,395.819,536.50
2026-01-08 15:43:07.311,396.121,537.50
2026-01-08 15:43:07.630,396.423,538.50
2026-01-08 15:43:07.951,396.725,539.50
2026-01-08 15:43:08.272,397.027,540.50
2026-01-08 15:43:08.593,397.329,541.50
2026-01-08 15:43:08.913,397.631,542.00
2026-01-08 15:43:09.234,397.933,543.00
2026-01-08 15:43:09.556,398.235,543.75
2026-01-08 15:43:09.876,398.537,544.75
2026-01-08 15:43:10.197,398.839,545.50
2026-01-08 15:43:10.518,399.141,546.00
2026-01-08 15:43:10.838,399.443,547.25
2026-01-08 15:43:11.160,399.745,547.75
2026-01-08 15:43:11.479,400.047,549.00
2026-01-08 15:43:11.800,400.349,549.50
2026-01-08 15:43:12.120,400.651,549.75
2026-01-08 15:43:12.441,400.953,550.75
2026-01-08 15:43:12.763,401.255,551.75
2026-01-08 15:43:13.082,401.557,552.50
2026-01-08 15:43:13.403,401.859,553.00
2026-01-08 15:43:13.723,402.161,553.75
2026-01-08 15:43:14.044,402.463,555.00
2026-01-08 15:43:14.365,402.765,555.50
2026-01-08 15:43:14.686,403.067,556.00
2026-01-08 15:43:15.007,403.369,557.00
2026-01-08 15:43:15.327,403.671,557.75
2026-01-08 15:43:15.648,403.973,558.50
2026-01-08 15:43:15.969,404.275,559.25
2026-01-08 15:43:16.289,404.577,559.75
2026-01-08 15:43:16.609,404.879,560.75
2026-01-08 15:43:16.930,405.181,561.25
2026-01-08 15:43:17.250,405.483,562.00
2026-01-08 15:43:17.571,405.785,563.00
2026-01-08 15:43:17.892,406.087,563.75
2026-01-08 15:43:18.213,406.389,564.50
2026-01-08 15:43:18.532,406.691,564.75
2026-01-08 15:43:18.854,406.993,566.00
2026-01-08 15:43:19.174,407.295,566.50
2026-01-08 15:43:19.494,407.597,567.00
2026-01-08 15:43:19.816,407.899,568.00
2026-01-08 15:43:20.136,408.201,568.25
2026-01-08 15:43:20.456,408.503,569.00
2026-01-08 15:43:20.776,408.805,569.50
2026-01-08 15:43:21.098,409.107,570.25
2026-01-08 15:43:21.418,409.409,571.00
2026-01-08 15:43:21.739,409.711,571.25
2026-01-08 15:43:22.060,410.013,572.00
2026-01-08 15:43:22.381,410.315,572.50
2026-01-08 15:43:22.702,410.617,573.50
2026-01-08 15:43:23.022,410.919,574.00
2026-01-08 15:43:23.343,411.221,574.75
2026-01-08 15:43:23.664,411.523,575.00
2026-01-08 15:43:23.985,411.825,576.00
2026-01-08 15:43:24.305,412.127,576.50
2026-01-08 15:43:24.626,412.429,577.00
2026-01-08 15:43:24.947,412.731,577.50
2026-01-08 15:43:25.267,413.033,578.25
2026-01-08 15:43:25.588,413.335,578.50
2026-01-08 15:43:25.909,413.637,579.00
2026-01-08 15:43:26.229,413.939,579.75
2026-01-08 15:43:26.550,414.241,580.00
2026-01-08 15:43:26.871,414.543,581.00
2026-01-08 15:43:27.191,414.845,581.75
2026-01-08 15:43:27.512,415.147,582.00
2026-01-08 15:43:27.832,415.449,582.75
2026-01-08 15:43:28.153,415.751,583.50
2026-01-08 15:43:28.475,416.053,584.00
2026-01-08 15:43:28.794,416.355,584.50
2026-01-08 15:43:29.115,416.657,585.25
2026-01-08 15:43:29.437,416.959,586.00
2026-01-08 15:43:29.757,417.261,586.50
2026-01-08 15:43:30.077,417.563,587.00
2026-01-08 15:43:30.398,417.865,587.50
2026-01-08 15:43:30.718,418.167,588.25
2026-01-08 15:43:31.039,418.469,588.75
2026-01-08 15:43:31.360,418.771,589.00
2026-01-08 15:43:31.681,419.073,590.00
2026-01-08 15:43:32.001,419.375,590.75
2026-01-08 15:43:32.321,419.677,591.25
2026-01-08 15:43:32.643,419.979,591.75
2026-01-08 15:43:32.963,420.281,592.50
2026-01-08 15:43:33.284,420.583,592.75
2026-01-08 15:43:33.604,420.885,593.50
2026-01-08 15:43:33.926,421.187,594.00
2026-01-08 15:43:34.245,421.489,594.75
2026-01-08 15:43:34.567,421.791,594.75
2026-01-08 15:43:34.887,422.093,595.75
2026-01-08 15:43:35.207,422.395,595.75
2026-01-08 15:43:35.529,422.697,596.50
2026-01-08 15:43:35.850,422.999,597.00
2026-01-08 15:43:36.169,423.301,597.75
2026-01-08 15:43:36.491,423.603,598.25
2026-01-08 15:43:36.811,423.905,599.00
2026-01-08 15:43:37.132,424.207,600.00
2026-01-08 15:43:37.452,424.509,600.00
2026-01-08 15:43:37.773,424.811,601.25
2026-01-08 15:43:38.094,425.113,601.50
2026-01-08 15:43:38.414,425.415,602.25
2026-01-08 15:43:38.735,425.717,602.75
2026-01-08 15:43:39.056,426.019,603.25
2026-01-08 15:43:39.377,426.321,603.25
2026-01-08 15:43:39.697,426.623,604.50
2026-01-08 15:43:40.018,426.925,605.25
2026-01-08 15:43:40.338,427.227,605.75
2026-01-08 15:43:40.659,427.529,606.50
2026-01-08 15:43:40.979,427.831,606.75
2026-01-08 15:43:41.300,428.133,607.25
2026-01-08 15:43:41.621,428.435,607.75
2026-01-08 15:43:41.941,428.737,608.75
2026-01-08 15:43:42.262,429.039,608.75
2026-01-08 15:43:42.583,429.341,609.50
2026-01-08 15:43:42.903,429.643,610.00
2026-01-08 15:43:43.224,429.945,610.00
2026-01-08 15:43:43.545,430.247,611.00
2026-01-08 15:43:43.866,430.549,611.00
2026-01-08 15:43:44.186,430.851,612.00
2026-01-08 15:43:44.508,431.153,612.50
2026-01-08 15:43:44.829,431.455,613.00
2026-01-08 15:43:45.148,431.757,613.50
2026-01-08 15:43:45.470,432.059,614.00
2026-01-08 15:43:45.790,432.361,614.50
2026-01-08 15:43:46.110,432.663,615.00
2026-01-08 15:43:46.496,432.965,615.25
2026-01-08 15:43:46.751,433.267,615.75
2026-01-08 15:43:47.072,433.569,616.00
2026-01-08 15:43:47.393,433.871,616.50
2026-01-08 15:43:47.713,434.173,617.00
2026-01-08 15:43:48.034,434.475,617.00
2026-01-08 15:43:48.355,434.777,617.50
2026-01-08 15:43:48.676,435.079,618.25
2026-01-08 15:43:48.997,435.381,618.25
2026-01-08 15:43:49.316,435.683,619.00
2026-01-08 15:43:49.637,435.985,619.25
2026-01-08 15:43:49.958,436.287,619.75
2026-01-08 15:43:50.279,436.589,620.25
2026-01-08 15:43:50.600,436.891,620.75
2026-01-08 15:43:50.920,437.193,621.00
2026-01-08 15:43:51.240,437.495,620.75
2026-01-08 15:43:51.561,437.797,621.50
2026-01-08 15:43:51.880,438.099,622.00
2026-01-08 15:43:52.201,438.401,622.25
2026-01-08 15:43:52.522,438.703,622.75
2026-01-08 15:43:52.843,439.005,622.50
2026-01-08 15:43:53.164,439.307,623.25
2026-01-08 15:43:53.483,439.609,623.50
2026-01-08 15:43:53.804,439.911,624.00
2026-01-08 15:43:54.125,440.213,624.25
2026-01-08 15:43:54.445,440.515,624.50
2026-01-08 15:43:54.767,440.817,624.75
2026-01-08 15:43:55.086,441.119,625.25
2026-01-08 15:43:55.407,441.421,625.25
2026-01-08 15:43:55.727,441.723,625.50
2026-01-08 15:43:56.047,442.025,626.25
2026-01-08 15:43:56.368,442.327,626.75
2026-01-08 15:43:56.690,442.629,627.00
2026-01-08 15:43:57.009,442.931,628.00
2026-01-08 15:43:57.330,443.233,628.00
2026-01-08 15:43:57.650,443.535,628.25
2026-01-08 15:43:57.971,443.837,628.75
2026-01-08 15:43:58.291,444.139,629.00
2026-01-08 15:43:58.612,444.441,629.00
2026-01-08 15:43:58.934,444.743,630.00
2026-01-08 15:43:59.253,445.045,630.50
2026-01-08 15:43:59.574,445.347,630.75
2026-01-08 15:43:59.894,445.649,630.75
2026-01-08 15:44:00.216,445.951,631.75
2026-01-08 15:44:00.536,446.253,631.50
2026-01-08 15:44:00.856,446.555,632.00
2026-01-08 15:44:01.177,446.857,632.75
2026-01-08 15:44:01.498,447.159,633.00
2026-01-08 15:44:01.818,447.461,633.50
2026-01-08 15:44:02.139,447.763,633.75
2026-01-08 15:44:02.459,448.065,634.00
2026-01-08 15:44:02.780,448.367,634.50
2026-01-08 15:44:03.101,448.669,635.00
2026-01-08 15:44:03.421,448.971,635.25
2026-01-08 15:44:03.742,449.273,635.25
2026-01-08 15:44:04.065,449.575,635.75
2026-01-08 15:44:04.384,449.877,636.00
2026-01-08 15:44:04.704,450.179,636.75
2026-01-08 15:44:05.025,450.481,637.00
2026-01-08 15:44:05.346,450.783,637.25
2026-01-08 15:44:05.666,451.085,637.75
2026-01-08 15:44:05.987,451.387,637.75
2026-01-08 15:44:06.308,451.689,637.75
2026-01-08 15:44:06.628,451.991,638.25
2026-01-08 15:44:06.949,452.293,639.00
2026-01-08 15:44:07.271,452.595,639.50
2026-01-08 15:44:07.591,452.897,639.50
2026-01-08 15:44:07.912,453.199,640.00
2026-01-08 15:44:08.232,453.501,640.00
2026-01-08 15:44:08.554,453.803,640.75
2026-01-08 15:44:08.874,454.105,640.75
2026-01-08 15:44:09.195,454.407,641.25
2026-01-08 15:44:09.516,454.709,641.25
2026-01-08 15:44:09.836,455.011,641.75
2026-01-08 15:44:10.157,455.313,642.75
2026-01-08 15:44:10.477,455.615,642.50
2026-01-08 15:44:10.798,455.917,643.25
2026-01-08 15:44:11.119,456.219,643.50
2026-01-08 15:44:11.440,456.521,643.75
2026-01-08 15:44:11.761,456.823,643.50
2026-01-08 15:44:12.081,457.125,644.50
2026-01-08 15:44:12.402,457.427,644.50
2026-01-08 15:44:12.723,457.729,645.00
2026-01-08 15:44:13.044,458.031,645.00
2026-01-08 15:44:13.364,458.333,645.25
2026-01-08 15:44:13.685,458.635,645.50
2026-01-08 15:44:14.006,458.937,646.50
2026-01-08 15:44:14.327,459.239,646.50
2026-01-08 15:44:14.648,459.541,646.75
2026-01-08 15:44:14.968,459.843,647.00
2026-01-08 15:44:15.289,460.145,647.75
2026-01-08 15:44:15.610,460.447,648.00
2026-01-08 15:44:15.931,460.749,648.00
2026-01-08 15:44:16.251,461.051,648.75
2026-01-08 15:44:16.572,461.353,648.00
2026-01-08 15:44:16.893,461.655,649.25
2026-01-08 15:44:17.214,461.957,649.25
2026-01-08 15:44:17.534,462.259,649.75
2026-01-08 15:44:17.855,462.561,650.00
2026-01-08 15:44:18.176,462.863,650.50
2026-01-08 15:44:18.497,463.165,650.25
2026-01-08 15:44:18.817,463.467,650.50
2026-01-08 15:44:19.138,463.769,650.25
2026-01-08 15:44:19.460,464.071,651.25
2026-01-08 15:44:19.780,464.373,651.00
2026-01-08 15:44:20.102,464.675,651.75
2026-01-08 15:44:20.424,464.977,652.00
2026-01-08 15:44:20.744,465.279,652.00
2026-01-08 15:44:21.064,465.581,652.25
2026-01-08 15:44:21.384,465.883,652.50
2026-01-08 15:44:21.705,466.185,652.00
2026-01-08 15:44:22.026,466.487,653.00
2026-01-08 15:44:22.347,466.789,653.50
2026-01-08 15:44:22.668,467.091,653.00
2026-01-08 15:44:22.989,467.393,653.75
2026-01-08 15:44:23.310,467.695,654.00
2026-01-08 15:44:23.630,467.997,653.75
2026-01-08 15:44:23.951,468.299,654.50
2026-01-08 15:44:24.271,468.601,654.00
2026-01-08 15:44:24.592,468.903,654.25
2026-01-08 15:44:24.913,469.205,654.50
2026-01-08 15:44:25.233,469.507,655.25
2026-01-08 15:44:25.555,469.809,655.25
2026-01-08 15:44:25.876,470.111,655.75
2026-01-08 15:44:26.196,470.413,655.50
2026-01-08 15:44:26.517,470.715,656.00
2026-01-08 15:44:26.837,471.017,656.25
2026-01-08 15:44:27.158,471.319,656.25
2026-01-08 15:44:27.480,471.621,656.50
2026-01-08 15:44:27.801,471.923,656.25
2026-01-08 15:44:28.122,472.225,656.75
2026-01-08 15:44:28.442,472.527,657.00
2026-01-08 15:44:28.763,472.829,657.25
2026-01-08 15:44:29.084,473.131,657.50
2026-01-08 15:44:29.405,473.433,657.00
2026-01-08 15:44:29.725,473.735,657.75
2026-01-08 15:44:30.048,474.037,657.75
2026-01-08 15:44:30.367,474.339,658.25
2026-01-08 15:44:30.687,474.641,658.50
2026-01-08 15:44:31.008,474.943,658.50
2026-01-08 15:44:31.329,475.245,658.75
2026-01-08 15:44:31.649,475.547,659.00
2026-01-08 15:44:31.970,475.849,658.50
2026-01-08 15:44:32.291,476.151,659.00
2026-01-08 15:44:32.612,476.453,659.25
2026-01-08 15:44:32.933,476.755,659.75
2026-01-08 15:44:33.253,477.057,659.25
2026-01-08 15:44:33.574,477.359,660.00
2026-01-08 15:44:33.895,477.661,660.00
2026-01-08 15:44:34.216,477.963,660.50
2026-01-08 15:44:34.536,478.265,660.50
2026-01-08 15:44:34.857,478.567,660.75
2026-01-08 15:44:35.177,478.869,661.00
2026-01-08 15:44:35.498,479.171,660.25
2026-01-08 15:44:35.819,479.473,661.25
2026-01-08 15:44:36.139,479.775,661.50
2026-01-08 15:44:36.470,480.077,661.50
2026-01-08 15:44:36.781,480.379,661.25
2026-01-08 15:44:37.102,480.681,661.50
2026-01-08 15:44:37.423,480.983,661.75
2026-01-08 15:44:37.742,481.285,661.75
2026-01-08 15:44:38.063,481.587,662.25
2026-01-08 15:44:38.384,481.889,662.50
2026-01-08 15:44:38.704,482.191,662.50
2026-01-08 15:44:39.026,482.493,662.75
2026-01-08 15:44:39.346,482.795,662.75
2026-01-08 15:44:39.666,483.097,663.00
2026-01-08 15:44:39.986,483.399,663.25
2026-01-08 15:44:40.307,483.701,663.00
2026-01-08 15:44:40.627,484.003,663.50
2026-01-08 15:44:40.949,484.305,663.75
2026-01-08 15:44:41.269,484.607,663.75
2026-01-08 15:44:41.590,484.909,664.00
2026-01-08 15:44:41.911,485.211,664.00
2026-01-08 15:44:42.231,485.513,663.75
2026-01-08 15:44:42.552,485.815,664.50
2026-01-08 15:44:42.872,486.117,664.50
2026-01-08 15:44:43.192,486.419,663.75
2026-01-08 15:44:43.514,486.721,664.25
2026-01-08 15:44:43.834,487.023,665.00
2026-01-08 15:44:44.155,487.325,664.50
2026-01-08 15:44:44.476,487.627,664.75
2026-01-08 15:44:44.796,487.929,664.75
2026-01-08 15:44:45.116,488.231,665.00
2026-01-08 15:44:45.437,488.533,665.25
2026-01-08 15:44:45.758,488.835,665.25
2026-01-08 15:44:46.078,489.137,665.50
2026-01-08 15:44:46.399,489.439,665.50
2026-01-08 15:44:46.719,489.741,665.75
2026-01-08 15:44:47.040,490.043,665.75
2026-01-08 15:44:47.360,490.345,665.75
2026-01-08 15:44:47.682,490.647,665.75
2026-01-08 15:44:48.001,490.949,665.75
2026-01-08 15:44:48.322,491.251,666.00
2026-01-08 15:44:48.643,491.553,666.00
2026-01-08 15:44:48.963,491.855,666.25
2026-01-08 15:44:49.284,492.157,666.00
2026-01-08 15:44:49.606,492.459,666.00
2026-01-08 15:44:49.926,492.761,666.25
2026-01-08 15:44:50.246,493.063,666.25
2026-01-08 15:44:50.568,493.365,666.25
2026-01-08 15:44:50.887,493.667,667.00
2026-01-08 15:44:51.209,493.969,667.00
2026-01-08 15:44:51.529,494.271,667.25
2026-01-08 15:44:51.850,494.573,667.25
2026-01-08 15:44:52.171,494.875,667.50
2026-01-08 15:44:52.491,495.177,667.50
2026-01-08 15:44:52.811,495.479,667.25
2026-01-08 15:44:53.132,495.781,667.25
2026-01-08 15:44:53.453,496.083,666.75
2026-01-08 15:44:53.775,496.385,665.75
2026-01-08 15:44:54.095,496.687,665.00
2026-01-08 15:44:54.415,496.989,663.50
2026-01-08 15:44:54.737,497.291,662.50
2026-01-08 15:44:55.057,497.593,661.00
2026-01-08 15:44:55.377,497.895,659.25
2026-01-08 15:44:55.699,498.197,657.75
2026-01-08 15:44:56.019,498.499,655.75
2026-01-08 15:44:56.339,498.801,653.75
2026-01-08 15:44:56.661,499.103,651.50
2026-01-08 15:44:56.982,499.405,649.50
2026-01-08 15:44:57.303,499.707,647.00
2026-01-08 15:44:57.622,500.009,645.00
2026-01-08 15:44:57.944,500.311,642.75
2026-01-08 15:44:58.265,500.613,640.25
2026-01-08 15:44:58.586,500.915,638.00
2026-01-08 15:44:58.907,501.217,635.50
2026-01-08 15:44:59.227,501.519,633.25
2026-01-08 15:44:59.549,501.821,630.50
2026-01-08 15:44:59.869,502.123,628.75
2026-01-08 15:45:00.189,502.425,627.00
2026-01-08 15:45:00.511,502.727,625.50
2026-01-08 15:45:00.832,503.029,623.50
2026-01-08 15:45:01.153,503.331,622.75
2026-01-08 15:45:01.474,503.633,621.50
2026-01-08 15:45:01.794,503.935,620.75
2026-01-08 15:45:02.115,504.237,620.75
2026-01-08 15:45:02.436,504.539,620.00
2026-01-08 15:45:02.757,504.841,619.00
2026-01-08 15:45:03.077,505.143,619.50
2026-01-08 15:45:03.398,505.445,619.25
2026-01-08 15:45:03.719,505.747,619.00
2026-01-08 15:45:04.039,506.049,619.00
2026-01-08 15:45:04.361,506.351,619.50
2026-01-08 15:45:04.681,506.653,619.75
2026-01-08 15:45:05.002,506.955,620.00
2026-01-08 15:45:05.323,507.257,620.25
2026-01-08 15:45:05.644,507.559,620.00
2026-01-08 15:45:05.965,507.861,621.00
2026-01-08 15:45:06.285,508.163,621.25
2026-01-08 15:45:06.606,508.465,621.25
2026-01-08 15:45:06.927,508.767,622.00
2026-01-08 15:45:07.248,509.069,622.75
2026-01-08 15:45:07.569,509.371,622.75
2026-01-08 15:45:07.889,509.673,623.50
2026-01-08 15:45:08.210,509.975,623.75
2026-01-08 15:45:08.531,510.277,624.25
2026-01-08 15:45:08.852,510.579,624.75
2026-01-08 15:45:09.172,510.881,625.50
2026-01-08 15:45:09.493,511.183,625.50
2026-01-08 15:45:09.814,511.485,625.50
2026-01-08 15:45:10.135,511.787,625.75
2026-01-08 15:45:10.455,512.089,627.00
2026-01-08 15:45:10.777,512.391,627.00
2026-01-08 15:45:11.097,512.693,627.00
2026-01-08 15:45:11.418,512.995,627.75
2026-01-08 15:45:11.739,513.297,628.50
2026-01-08 15:45:12.059,513.599,628.50
2026-01-08 15:45:12.380,513.901,629.00
2026-01-08 15:45:12.701,514.203,628.75
2026-01-08 15:45:13.022,514.505,629.50
2026-01-08 15:45:13.342,514.807,630.00
2026-01-08 15:45:13.663,515.109,630.25
2026-01-08 15:45:13.985,515.411,630.25
2026-01-08 15:45:14.306,515.713,630.75
2026-01-08 15:45:14.626,516.015,631.25
2026-01-08 15:45:14.947,516.317,631.00
2026-01-08 15:45:15.267,516.619,631.50
2026-01-08 15:45:15.588,516.921,632.00
2026-01-08 15:45:15.909,517.223,632.00
2026-01-08 15:45:16.230,517.525,632.25
2026-01-08 15:45:16.551,517.827,632.75
2026-01-08 15:45:16.871,518.129,633.25
2026-01-08 15:45:17.192,518.431,633.50
2026-01-08 15:45:17.513,518.733,633.50
2026-01-08 15:45:17.834,519.035,633.00
2026-01-08 15:45:18.155,519.337,634.00
2026-01-08 15:45:18.475,519.639,634.00
2026-01-08 15:45:18.796,519.941,634.75
2026-01-08 15:45:19.117,520.243,635.00
2026-01-08 15:45:19.437,520.545,635.00
2026-01-08 15:45:19.758,520.847,634.75
2026-01-08 15:45:20.079,521.149,634.75
2026-01-08 15:45:20.400,521.451,635.75
2026-01-08 15:45:20.721,521.753,635.50
2026-01-08 15:45:21.041,522.055,635.75
2026-01-08 15:45:21.362,522.357,635.75
2026-01-08 15:45:21.683,522.659,636.25
2026-01-08 15:45:22.003,522.961,636.75
2026-01-08 15:45:22.325,523.263,637.25
2026-01-08 15:45:22.645,523.565,637.50
2026-01-08 15:45:22.965,523.867,636.75
2026-01-08 15:45:23.286,524.169,637.75
2026-01-08 15:45:23.607,524.471,637.50
2026-01-08 15:45:23.927,524.773,637.75
2026-01-08 15:45:24.248,525.075,638.00
2026-01-08 15:45:24.569,525.377,638.00
2026-01-08 15:45:24.889,525.679,638.00
2026-01-08 15:45:25.210,525.981,638.25
2026-01-08 15:45:25.531,526.283,638.75
2026-01-08 15:45:25.851,526.585,639.00
2026-01-08 15:45:26.172,526.887,639.25
2026-01-08 15:45:26.494,527.189,639.00
2026-01-08 15:45:26.813,527.491,638.75
2026-01-08 15:45:27.135,527.793,639.25
2026-01-08 15:45:27.456,528.095,639.25
2026-01-08 15:45:27.776,528.397,639.50
2026-01-08 15:45:28.096,528.699,639.25
2026-01-08 15:45:28.417,529.001,640.00
2026-01-08 15:45:28.737,529.303,640.00
2026-01-08 15:45:29.059,529.605,640.00
2026-01-08 15:45:29.378,529.907,640.25
2026-01-08 15:45:29.699,530.209,640.25
2026-01-08 15:45:30.020,530.511,640.75
2026-01-08 15:45:30.341,530.813,640.25
2026-01-08 15:45:30.661,531.115,640.50
2026-01-08 15:45:30.982,531.417,641.00
2026-01-08 15:45:31.303,531.719,640.75
2026-01-08 15:45:31.624,532.021,641.00
2026-01-08 15:45:31.944,532.323,641.25
2026-01-08 15:45:32.265,532.625,641.50
2026-01-08 15:45:32.586,532.927,641.50
2026-01-08 15:45:32.906,533.229,642.00
2026-01-08 15:45:33.227,533.531,642.25
2026-01-08 15:45:33.548,533.833,642.00
2026-01-08 15:45:33.868,534.135,642.75
2026-01-08 15:45:34.189,534.437,642.75
2026-01-08 15:45:34.510,534.739,643.50
2026-01-08 15:45:34.831,535.041,643.00
2026-01-08 15:45:35.152,535.343,643.50
2026-01-08 15:45:35.472,535.645,643.25
2026-01-08 15:45:35.793,535.947,644.00
2026-01-08 15:45:36.113,536.249,644.75
2026-01-08 15:45:36.434,536.551,644.50
2026-01-08 15:45:36.755,536.853,644.75
2026-01-08 15:45:37.075,537.155,645.25
2026-01-08 15:45:37.396,537.457,645.25
2026-01-08 15:45:37.717,537.759,645.75
2026-01-08 15:45:38.037,538.061,645.75
2026-01-08 15:45:38.358,538.363,646.00
2026-01-08 15:45:38.679,538.665,646.50
2026-01-08 15:45:38.999,538.967,646.25
2026-01-08 15:45:39.320,539.269,647.25
2026-01-08 15:45:39.641,539.571,647.25
2026-01-08 15:45:39.961,539.873,647.50
2026-01-08 15:45:40.282,540.175,647.75
2026-01-08 15:45:40.603,540.477,648.25
2026-01-08 15:45:40.924,540.779,648.00
2026-01-08 15:45:41.244,541.081,648.75
2026-01-08 15:45:41.565,541.383,649.00
2026-01-08 15:45:41.886,541.685,649.25
2026-01-08 15:45:42.207,541.987,649.50
2026-01-08 15:45:42.527,542.289,649.50
2026-01-08 15:45:42.848,542.591,649.25
2026-01-08 15:45:43.169,542.893,649.75
2026-01-08 15:45:43.490,543.195,650.00
2026-01-08 15:45:43.810,543.497,650.50
2026-01-08 15:45:44.131,543.799,650.50
2026-01-08 15:45:44.452,544.101,650.50
2026-01-08 15:45:44.773,544.403,650.75
2026-01-08 15:45:45.094,544.705,651.00
2026-01-08 15:45:45.415,545.007,651.25
2026-01-08 15:45:45.745,545.309,651.50
2026-01-08 15:45:46.056,545.611,651.75
2026-01-08 15:45:46.377,545.913,652.00
2026-01-08 15:45:46.710,546.215,652.25
2026-01-08 15:45:47.019,546.517,652.75
2026-01-08 15:45:47.339,546.819,652.50
2026-01-08 15:45:47.659,547.121,652.75
2026-01-08 15:45:47.980,547.423,653.50
2026-01-08 15:45:48.301,547.725,653.25
2026-01-08 15:45:48.622,548.027,653.50
2026-01-08 15:45:48.943,548.329,654.25
2026-01-08 15:45:49.263,548.631,653.75
2026-01-08 15:45:49.584,548.933,654.25
2026-01-08 15:45:49.905,549.235,654.50
2026-01-08 15:45:50.226,549.537,655.00
2026-01-08 15:45:50.546,549.839,655.00
2026-01-08 15:45:50.867,550.141,655.50
2026-01-08 15:45:51.188,550.443,655.25
2026-01-08 15:45:51.508,550.745,656.00
2026-01-08 15:45:51.829,551.047,656.00
2026-01-08 15:45:52.150,551.349,656.25
2026-01-08 15:45:52.471,551.651,656.75
2026-01-08 15:45:52.791,551.953,656.50
2026-01-08 15:45:53.112,552.255,657.00
2026-01-08 15:45:53.433,552.557,657.00
2026-01-08 15:45:53.753,552.859,657.50
2026-01-08 15:45:54.074,553.161,657.50
2026-01-08 15:45:54.395,553.463,658.00
2026-01-08 15:45:54.716,553.765,657.75
2026-01-08 15:45:55.037,554.067,658.50
2026-01-08 15:45:55.358,554.369,658.00
2026-01-08 15:45:55.678,554.671,658.50
2026-01-08 15:45:55.999,554.973,658.75
2026-01-08 15:45:56.320,555.275,659.25
2026-01-08 15:45:56.641,555.577,659.00
2026-01-08 15:45:56.962,555.879,659.50
2026-01-08 15:45:57.282,556.181,659.00
2026-01-08 15:45:57.603,556.483,659.50
2026-01-08 15:45:57.924,556.785,660.00
2026-01-08 15:45:58.245,557.087,659.75
2026-01-08 15:45:58.566,557.389,660.50
2026-01-08 15:45:58.887,557.691,660.50
2026-01-08 15:45:59.207,557.993,660.50
2026-01-08 15:45:59.528,558.295,660.75
2026-01-08 15:45:59.849,558.597,661.25
2026-01-08 15:46:00.170,558.899,660.25
2026-01-08 15:46:00.491,559.201,661.00
2026-01-08 15:46:00.811,559.503,661.50
2026-01-08 15:46:01.134,559.805,661.25
2026-01-08 15:46:01.453,560.107,661.25
2026-01-08 15:46:01.775,560.409,661.75
2026-01-08 15:46:02.095,560.711,662.00
2026-01-08 15:46:02.417,561.013,662.00
2026-01-08 15:46:02.738,561.315,662.25
2026-01-08 15:46:03.058,561.617,662.50
2026-01-08 15:46:03.379,561.919,662.50
2026-01-08 15:46:03.701,562.221,662.75
2026-01-08 15:46:04.021,562.523,662.75
2026-01-08 15:46:04.342,562.825,662.75
2026-01-08 15:46:04.663,563.127,663.75
2026-01-08 15:46:04.984,563.429,663.00
2026-01-08 15:46:05.304,563.731,663.50
2026-01-08 15:46:05.625,564.033,664.25
2026-01-08 15:46:05.947,564.335,664.00
2026-01-08 15:46:06.266,564.637,664.50
2026-01-08 15:46:06.587,564.939,664.50
2026-01-08 15:46:06.909,565.241,664.75
2026-01-08 15:46:07.230,565.543,664.75
2026-01-08 15:46:07.551,565.845,665.00
2026-01-08 15:46:07.871,566.147,665.25
2026-01-08 15:46:08.192,566.449,665.00
2026-01-08 15:46:08.513,566.751,664.75
2026-01-08 15:46:08.834,567.053,664.75
2026-01-08 15:46:09.155,567.355,665.50
2026-01-08 15:46:09.476,567.657,666.00
2026-01-08 15:46:09.797,567.959,666.00
2026-01-08 15:46:10.118,568.261,665.75
2026-01-08 15:46:10.438,568.563,666.00
2026-01-08 15:46:10.759,568.865,666.00
2026-01-08 15:46:11.080,569.167,666.00
2026-01-08 15:46:11.400,569.469,666.25
2026-01-08 15:46:11.727,569.771,666.75
2026-01-08 15:46:12.042,570.073,666.75
2026-01-08 15:46:12.362,570.375,667.25
2026-01-08 15:46:12.683,570.677,666.75
2026-01-08 15:46:13.004,570.979,667.00
2026-01-08 15:46:13.325,571.281,667.50
2026-01-08 15:46:13.646,571.583,667.50
2026-01-08 15:46:13.966,571.885,667.50
2026-01-08 15:46:14.287,572.187,667.25
2026-01-08 15:46:14.608,572.489,667.75
2026-01-08 15:46:14.930,572.791,667.50
2026-01-08 15:46:15.251,573.093,668.00
2026-01-08 15:46:15.571,573.395,667.75
2026-01-08 15:46:15.892,573.697,668.50
2026-01-08 15:46:16.215,573.999,668.25
2026-01-08 15:46:16.535,574.301,668.25
2026-01-08 15:46:16.857,574.603,668.75
2026-01-08 15:46:17.177,574.905,668.75
2026-01-08 15:46:17.499,575.207,669.00
2026-01-08 15:46:17.819,575.509,668.75
2026-01-08 15:46:18.140,575.811,669.00
2026-01-08 15:46:18.461,576.113,669.25
2026-01-08 15:46:18.783,576.415,669.25
2026-01-08 15:46:19.104,576.717,669.00
2026-01-08 15:46:19.424,577.019,669.50
2026-01-08 15:46:19.745,577.321,669.25
2026-01-08 15:46:20.067,577.623,669.75
2026-01-08 15:46:20.388,577.925,669.50
2026-01-08 15:46:20.709,578.227,670.00
2026-01-08 15:46:21.030,578.529,670.00
2026-01-08 15:46:21.351,578.831,669.50
2026-01-08 15:46:21.673,579.133,670.25
2026-01-08 15:46:21.993,579.435,670.00
2026-01-08 15:46:22.315,579.737,670.00
2026-01-08 15:46:22.635,580.039,670.50
2026-01-08 15:46:22.956,580.341,670.50
2026-01-08 15:46:23.278,580.643,670.25
2026-01-08 15:46:23.599,580.945,671.00
2026-01-08 15:46:23.920,581.247,671.00
2026-01-08 15:46:24.240,581.549,671.00
2026-01-08 15:46:24.562,581.851,671.00
2026-01-08 15:46:24.883,582.153,671.25
2026-01-08 15:46:25.203,582.455,671.25
2026-01-08 15:46:25.525,582.757,671.75
2026-01-08 15:46:25.845,583.059,671.00
2026-01-08 15:46:26.167,583.361,671.25
2026-01-08 15:46:26.487,583.663,671.25
2026-01-08 15:46:26.808,583.965,671.50
2026-01-08 15:46:27.129,584.267,671.50
2026-01-08 15:46:27.450,584.569,671.25
2026-01-08 15:46:27.771,584.871,671.50
2026-01-08 15:46:28.092,585.173,671.25
2026-01-08 15:46:28.413,585.475,672.00
2026-01-08 15:46:28.734,585.777,671.50
2026-01-08 15:46:29.055,586.079,672.25
2026-01-08 15:46:29.376,586.381,672.00
2026-01-08 15:46:29.697,586.683,671.75
2026-01-08 15:46:30.018,586.985,672.00
2026-01-08 15:46:30.338,587.287,672.00
2026-01-08 15:46:30.659,587.589,672.25
2026-01-08 15:46:30.980,587.891,672.50
2026-01-08 15:46:31.301,588.193,672.75
2026-01-08 15:46:31.623,588.495,672.50
2026-01-08 15:46:31.943,588.797,672.50
2026-01-08 15:46:32.264,589.099,672.75
2026-01-08 15:46:32.585,589.401,672.50
2026-01-08 15:46:32.907,589.703,672.75
2026-01-08 15:46:33.227,590.005,673.25
2026-01-08 15:46:33.548,590.307,673.00
2026-01-08 15:46:33.869,590.609,673.00
2026-01-08 15:46:34.190,590.911,672.50
2026-01-08 15:46:34.510,591.213,673.00
2026-01-08 15:46:34.832,591.515,673.00
2026-01-08 15:46:35.152,591.817,672.75
2026-01-08 15:46:35.473,592.119,672.75
2026-01-08 15:46:35.795,592.421,673.25
2026-01-08 15:46:36.114,592.723,673.00
2026-01-08 15:46:36.436,593.025,672.75
2026-01-08 15:46:36.756,593.327,673.25
2026-01-08 15:46:37.077,593.629,672.75
2026-01-08 15:46:37.399,593.931,672.75
2026-01-08 15:46:37.719,594.233,673.00
2026-01-08 15:46:38.040,594.535,673.00
2026-01-08 15:46:38.360,594.837,673.25
2026-01-08 15:46:38.681,595.139,673.00
2026-01-08 15:46:39.002,595.441,673.00
2026-01-08 15:46:39.323,595.743,673.25
2026-01-08 15:46:39.644,596.045,673.00
2026-01-08 15:46:39.965,596.347,673.00
2026-01-08 15:46:40.286,596.649,673.25
2026-01-08 15:46:40.607,596.951,673.25
2026-01-08 15:46:40.927,597.253,673.25
2026-01-08 15:46:41.248,597.555,672.75
2026-01-08 15:46:41.569,597.857,673.25
2026-01-08 15:46:41.889,598.159,672.75
2026-01-08 15:46:42.211,598.461,673.25
2026-01-08 15:46:42.532,598.763,672.75
2026-01-08 15:46:42.852,599.065,673.50
2026-01-08 15:46:43.173,599.367,673.00
2026-01-08 15:46:43.493,599.669,673.25
2026-01-08 15:46:43.815,599.971,673.25
2026-01-08 15:46:44.136,600.273,673.50
2026-01-08 15:46:44.457,600.575,673.50
2026-01-08 15:46:44.778,600.877,673.00
2026-01-08 15:46:45.100,601.179,673.50
2026-01-08 15:46:45.420,601.481,673.50
2026-01-08 15:46:45.741,601.783,673.75
2026-01-08 15:46:46.061,602.085,673.50
2026-01-08 15:46:46.383,602.387,672.75
2026-01-08 15:46:46.704,602.689,673.00
2026-01-08 15:46:47.024,602.991,673.00
2026-01-08 15:46:47.346,603.293,673.25
2026-01-08 15:46:47.666,603.595,673.75
2026-01-08 15:46:47.987,603.897,673.75
2026-01-08 15:46:48.308,604.199,673.25
2026-01-08 15:46:48.629,604.501,674.00
2026-01-08 15:46:48.951,604.803,673.50
2026-01-08 15:46:49.271,605.105,673.50
2026-01-08 15:46:49.592,605.407,673.75
2026-01-08 15:46:49.913,605.709,673.75
2026-01-08 15:46:50.233,606.011,674.00
2026-01-08 15:46:50.554,606.313,674.25
2026-01-08 15:46:50.875,606.615,674.00
2026-01-08 15:46:51.197,606.917,674.25
2026-01-08 15:46:51.517,607.219,674.50
2026-01-08 15:46:51.838,607.521,673.75
2026-01-08 15:46:52.159,607.823,673.75
2026-01-08 15:46:52.479,608.125,674.00
2026-01-08 15:46:52.801,608.427,674.25
2026-01-08 15:46:53.121,608.729,674.50
2026-01-08 15:46:53.443,609.031,674.50
2026-01-08 15:46:53.763,609.333,674.75
2026-01-08 15:46:54.083,609.635,674.50
2026-01-08 15:46:54.405,609.937,675.00
2026-01-08 15:46:54.725,610.239,674.50
2026-01-08 15:46:55.046,610.541,675.25
2026-01-08 15:46:55.366,610.843,674.50
2026-01-08 15:46:55.687,611.145,674.25
2026-01-08 15:46:56.008,611.447,674.50
2026-01-08 15:46:56.330,611.749,674.00
2026-01-08 15:46:56.649,612.051,673.25
2026-01-08 15:46:56.971,612.353,672.00
2026-01-08 15:46:57.291,612.655,671.25
2026-01-08 15:46:57.613,612.957,669.50
2026-01-08 15:46:57.933,613.259,667.50
2026-01-08 15:46:58.255,613.561,666.75
2026-01-08 15:46:58.575,613.863,664.25
2026-01-08 15:46:58.896,614.165,662.75
2026-01-08 15:46:59.217,614.467,661.00
2026-01-08 15:46:59.538,614.769,658.75
2026-01-08 15:46:59.859,615.071,656.00
2026-01-08 15:47:00.180,615.373,654.50
2026-01-08 15:47:00.501,615.675,652.25
2026-01-08 15:47:00.822,615.977,650.00
2026-01-08 15:47:01.143,616.279,647.75
2026-01-08 15:47:01.464,616.581,645.00
2026-01-08 15:47:01.785,616.883,643.00
2026-01-08 15:47:02.106,617.185,640.25
2026-01-08 15:47:02.427,617.487,637.75
2026-01-08 15:47:02.748,617.789,635.50
2026-01-08 15:47:03.069,618.091,633.25
2026-01-08 15:47:03.390,618.393,630.75
2026-01-08 15:47:03.711,618.695,628.25
2026-01-08 15:47:04.032,618.997,626.00
2026-01-08 15:47:04.353,619.299,623.75
2026-01-08 15:47:04.675,619.601,621.25
2026-01-08 15:47:04.995,619.903,619.00
2026-01-08 15:47:05.316,620.205,616.50
2026-01-08 15:47:05.637,620.507,614.00
2026-01-08 15:47:05.958,620.809,612.00
2026-01-08 15:47:06.279,621.111,609.25
2026-01-08 15:47:06.600,621.413,607.25
2026-01-08 15:47:06.921,621.715,605.25
2026-01-08 15:47:07.242,622.017,603.00
2026-01-08 15:47:07.563,622.319,600.75
2026-01-08 15:47:07.884,622.621,598.50
2026-01-08 15:47:08.206,622.923,596.25
2026-01-08 15:47:08.526,623.225,593.75
2026-01-08 15:47:08.847,623.527,591.50
2026-01-08 15:47:09.169,623.829,589.50
2026-01-08 15:47:09.488,624.131,587.50
2026-01-08 15:47:09.809,624.433,585.50
2026-01-08 15:47:10.130,624.735,582.75
2026-01-08 15:47:10.451,625.037,580.75
2026-01-08 15:47:10.773,625.339,579.25
2026-01-08 15:47:11.093,625.641,577.25
2026-01-08 15:47:11.413,625.943,575.00
2026-01-08 15:47:11.734,626.245,573.25
2026-01-08 15:47:12.055,626.547,571.25
2026-01-08 15:47:12.377,626.849,569.00
2026-01-08 15:47:12.698,627.151,566.50
2026-01-08 15:47:13.018,627.453,565.00
2026-01-08 15:47:13.339,627.755,562.75
2026-01-08 15:47:13.660,628.057,561.50
2026-01-08 15:47:13.982,628.359,559.25
2026-01-08 15:47:14.302,628.661,557.25
2026-01-08 15:47:14.623,628.963,555.25
2026-01-08 15:47:14.944,629.265,553.75
2026-01-08 15:47:15.266,629.567,552.25
2026-01-08 15:47:15.586,629.869,550.00
2026-01-08 15:47:15.907,630.171,548.25
2026-01-08 15:47:16.228,630.473,546.50
2026-01-08 15:47:16.549,630.775,544.50
2026-01-08 15:47:16.870,631.077,542.75
2026-01-08 15:47:17.191,631.379,541.25
2026-01-08 15:47:17.512,631.681,539.00
2026-01-08 15:47:17.833,631.983,537.50
2026-01-08 15:47:18.154,632.285,535.75
2026-01-08 15:47:18.476,632.587,534.25
2026-01-08 15:47:18.795,632.889,532.50
2026-01-08 15:47:19.116,633.191,530.75
2026-01-08 15:47:19.437,633.493,529.00
2026-01-08 15:47:19.758,633.795,527.25
2026-01-08 15:47:20.079,634.097,525.75
2026-01-08 15:47:20.399,634.399,523.75
2026-01-08 15:47:20.720,634.701,522.25
2026-01-08 15:47:21.041,635.003,520.75
2026-01-08 15:47:21.363,635.305,518.50
2026-01-08 15:47:21.683,635.607,517.50
2026-01-08 15:47:22.003,635.909,516.00
2026-01-08 15:47:22.324,636.211,514.25
2026-01-08 15:47:22.645,636.513,512.50
2026-01-08 15:47:22.966,636.815,511.00
2026-01-08 15:47:23.286,637.117,509.25
2026-01-08 15:47:23.607,637.419,508.00
2026-01-08 15:47:23.928,637.721,506.50
2026-01-08 15:47:24.250,638.023,505.25
2026-01-08 15:47:24.570,638.325,503.50
2026-01-08 15:47:24.891,638.627,501.75
2026-01-08 15:47:25.212,638.929,500.75
2026-01-08 15:47:25.533,639.231,499.00
2026-01-08 15:47:25.855,639.533,497.50
2026-01-08 15:47:26.176,639.835,496.00
2026-01-08 15:47:26.496,640.137,494.75
2026-01-08 15:47:26.817,640.439,493.00
2026-01-08 15:47:27.138,640.741,491.75
2026-01-08 15:47:27.460,641.043,490.50
2026-01-08 15:47:27.780,641.345,488.75
2026-01-08 15:47:28.100,641.647,487.50
2026-01-08 15:47:28.421,641.949,486.00
2026-01-08 15:47:28.742,642.251,484.75
2026-01-08 15:47:29.063,642.553,482.75
2026-01-08 15:47:29.384,642.855,481.75
2026-01-08 15:47:29.704,643.157,480.50
2026-01-08 15:47:30.025,643.459,478.50
2026-01-08 15:47:30.346,643.761,477.75
2026-01-08 15:47:30.668,644.063,476.00
2026-01-08 15:47:30.988,644.365,475.25
2026-01-08 15:47:31.310,644.667,473.25
2026-01-08 15:47:31.630,644.969,472.00
2026-01-08 15:47:31.951,645.271,471.00
2026-01-08 15:47:32.272,645.573,469.75
2026-01-08 15:47:32.593,645.875,468.50
2026-01-08 15:47:32.915,646.177,467.25
2026-01-08 15:47:33.234,646.479,466.00
2026-01-08 15:47:33.556,646.781,464.50
2026-01-08 15:47:33.877,647.083,463.75
2026-01-08 15:47:34.197,647.385,461.75
2026-01-08 15:47:34.518,647.687,461.00
2026-01-08 15:47:34.839,647.989,459.75
2026-01-08 15:47:35.160,648.291,458.25
2026-01-08 15:47:35.481,648.593,456.75
2026-01-08 15:47:35.802,648.895,455.25
2026-01-08 15:47:36.122,649.197,454.50
2026-01-08 15:47:36.443,649.499,453.75
2026-01-08 15:47:36.764,649.801,452.25
2026-01-08 15:47:37.085,650.103,451.25
2026-01-08 15:47:37.406,650.405,450.00
2026-01-08 15:47:37.726,650.707,448.75
2026-01-08 15:47:38.047,651.009,447.50
2026-01-08 15:47:38.368,651.311,446.25
2026-01-08 15:47:38.689,651.613,445.25
2026-01-08 15:47:39.009,651.915,444.00
2026-01-08 15:47:39.331,652.217,443.00
2026-01-08 15:47:39.651,652.519,441.75
2026-01-08 15:47:39.972,652.821,440.50
2026-01-08 15:47:40.293,653.123,439.50
2026-01-08 15:47:40.614,653.425,438.25
2026-01-08 15:47:40.935,653.727,436.50
2026-01-08 15:47:41.255,654.029,436.00
2026-01-08 15:47:41.576,654.331,434.75
2026-01-08 15:47:41.897,654.633,433.75
2026-01-08 15:47:42.219,654.935,432.50
2026-01-08 15:47:42.539,655.237,431.00
2026-01-08 15:47:42.859,655.539,430.25
2026-01-08 15:47:43.180,655.841,429.00
2026-01-08 15:47:43.501,656.143,428.00
2026-01-08 15:47:43.822,656.445,427.00
2026-01-08 15:47:44.144,656.747,425.75
2026-01-08 15:47:44.464,657.049,424.75
2026-01-08 15:47:44.785,657.351,423.50
2026-01-08 15:47:45.105,657.653,422.75
2026-01-08 15:47:45.427,657.955,421.50
2026-01-08 15:47:45.747,658.257,420.75
2026-01-08 15:47:46.068,658.559,419.50
2026-01-08 15:47:46.389,658.861,418.50
2026-01-08 15:47:46.710,659.163,417.25
2026-01-08 15:47:47.031,659.465,416.25
2026-01-08 15:47:47.352,659.767,415.25
2026-01-08 15:47:47.672,660.069,414.25
2026-01-08 15:47:47.993,660.371,413.25
2026-01-08 15:47:48.314,660.673,412.25
2026-01-08 15:47:48.635,660.975,411.25
2026-01-08 15:47:48.956,661.277,410.00
2026-01-08 15:47:49.277,661.579,408.75
2026-01-08 15:47:49.598,661.881,408.25
2026-01-08 15:47:49.918,662.183,407.25
2026-01-08 15:47:50.239,662.485,406.00
2026-01-08 15:47:50.560,662.787,405.00
2026-01-08 15:47:50.880,663.089,404.25
2026-01-08 15:47:51.201,663.391,403.25
2026-01-08 15:47:51.522,663.693,402.25
2026-01-08 15:47:51.842,663.995,401.25
2026-01-08 15:47:52.163,664.297,400.25
2026-01-08 15:47:52.484,664.599,398.75
2026-01-08 15:47:52.804,664.901,397.50
2026-01-08 15:47:53.125,665.203,397.00
2026-01-08 15:47:53.446,665.505,396.50
2026-01-08 15:47:53.766,665.807,395.50
2026-01-08 15:47:54.087,666.109,394.25
2026-01-08 15:47:54.408,666.411,393.25
2026-01-08 15:47:54.728,666.713,392.50
2026-01-08 15:47:55.049,667.015,391.25
2026-01-08 15:47:55.369,667.317,390.00
2026-01-08 15:47:55.690,667.619,389.50
2026-01-08 15:47:56.010,667.921,388.50
2026-01-08 15:47:56.331,668.223,387.00
2026-01-08 15:47:56.652,668.525,387.25
2026-01-08 15:47:56.972,668.827,386.00
2026-01-08 15:47:57.293,669.129,385.00
2026-01-08 15:47:57.614,669.431,384.00
2026-01-08 15:47:57.934,669.733,383.00
2026-01-08 15:47:58.255,670.035,382.50
2026-01-08 15:47:58.576,670.337,381.50
2026-01-08 15:47:58.896,670.639,380.00
2026-01-08 15:47:59.217,670.941,379.75
2026-01-08 15:47:59.538,671.243,379.25
2026-01-08 15:47:59.859,671.545,377.75
2026-01-08 15:48:00.179,671.847,377.00
2026-01-08 15:48:00.500,672.149,376.50
2026-01-08 15:48:00.820,672.451,375.25
2026-01-08 15:48:01.142,672.753,374.75
2026-01-08 15:48:01.462,673.055,373.50
2026-01-08 15:48:01.783,673.357,372.75
2026-01-08 15:48:02.103,673.659,372.00
2026-01-08 15:48:02.423,673.961,371.00
2026-01-08 15:48:02.745,674.263,370.50
2026-01-08 15:48:03.066,674.565,369.50
2026-01-08 15:48:03.387,674.867,368.75
2026-01-08 15:48:03.707,675.169,367.75
2026-01-08 15:48:04.027,675.471,367.00
2026-01-08 15:48:04.348,675.773,366.25
2026-01-08 15:48:04.670,676.075,365.50
2026-01-08 15:48:04.990,676.377,364.50
2026-01-08 15:48:05.311,676.679,364.00
2026-01-08 15:48:05.632,676.981,363.00
2026-01-08 15:48:05.952,677.283,362.25
2026-01-08 15:48:06.273,677.585,361.75
2026-01-08 15:48:06.594,677.887,360.50
2026-01-08 15:48:06.915,678.189,359.75
2026-01-08 15:48:07.235,678.491,358.75
2026-01-08 15:48:07.556,678.793,358.50
2026-01-08 15:48:07.877,679.095,357.50
2026-01-08 15:48:08.197,679.397,356.50
2026-01-08 15:48:08.518,679.699,356.00
2026-01-08 15:48:08.838,680.001,355.25
2026-01-08 15:48:09.159,680.303,354.25
2026-01-08 15:48:09.480,680.605,353.50
2026-01-08 15:48:09.801,680.907,352.50
2026-01-08 15:48:10.121,681.209,351.75
2026-01-08 15:48:10.442,681.511,351.25
2026-01-08 15:48:10.763,681.813,350.25
2026-01-08 15:48:11.084,682.115,349.50
2026-01-08 15:48:11.404,682.417,348.75
2026-01-08 15:48:11.727,682.719,347.75
2026-01-08 15:48:12.046,683.021,347.00
2026-01-08 15:48:12.367,683.323,346.50
2026-01-08 15:48:12.687,683.625,346.00
2026-01-08 15:48:13.008,683.927,344.75
2026-01-08 15:48:13.329,684.229,344.25
2026-01-08 15:48:13.650,684.531,343.75
2026-01-08 15:48:13.971,684.833,343.00
2026-01-08 15:48:14.292,685.135,342.00
2026-01-08 15:48:14.612,685.437,341.25
2026-01-08 15:48:14.933,685.739,340.25
2026-01-08 15:48:15.254,686.041,339.75
2026-01-08 15:48:15.575,686.343,339.00
2026-01-08 15:48:15.895,686.645,338.25
2026-01-08 15:48:16.216,686.947,337.75
2026-01-08 15:48:16.537,687.249,337.00
2026-01-08 15:48:16.858,687.551,336.25
2026-01-08 15:48:17.178,687.853,335.25
2026-01-08 15:48:17.499,688.155,334.75
2026-01-08 15:48:17.820,688.457,334.00
2026-01-08 15:48:18.140,688.759,333.50
2026-01-08 15:48:18.461,689.061,332.25
2026-01-08 15:48:18.782,689.363,332.00
2026-01-08 15:48:19.102,689.665,331.25
2026-01-08 15:48:19.424,689.967,330.50
2026-01-08 15:48:19.745,690.269,329.75
2026-01-08 15:48:20.065,690.571,329.50
2026-01-08 15:48:20.386,690.873,328.50
2026-01-08 15:48:20.706,691.175,327.75
2026-01-08 15:48:21.027,691.477,327.25
2026-01-08 15:48:21.347,691.779,326.50
2026-01-08 15:48:21.670,692.081,325.00
2026-01-08 15:48:21.989,692.383,325.00
2026-01-08 15:48:22.310,692.685,324.25
2026-01-08 15:48:22.631,692.987,323.75
2026-01-08 15:48:22.952,693.289,323.00
2026-01-08 15:48:23.272,693.591,322.25
2026-01-08 15:48:23.592,693.893,321.25
2026-01-08 15:48:23.914,694.195,321.00
2026-01-08 15:48:24.234,694.497,320.25
2026-01-08 15:48:24.555,694.799,319.75
2026-01-08 15:48:24.876,695.101,319.00
2026-01-08 15:48:25.197,695.403,318.25
2026-01-08 15:48:25.517,695.705,317.75
2026-01-08 15:48:25.838,696.007,317.25
2026-01-08 15:48:26.159,696.309,316.25
2026-01-08 15:48:26.479,696.611,315.75
2026-01-08 15:48:26.800,696.913,315.25
2026-01-08 15:48:27.121,697.215,314.25
2026-01-08 15:48:27.441,697.517,314.00
2026-01-08 15:48:27.762,697.819,312.75
2026-01-08 15:48:28.083,698.121,312.75
2026-01-08 15:48:28.403,698.423,312.25
2026-01-08 15:48:28.725,698.725,311.00
2026-01-08 15:48:29.046,699.027,311.00
2026-01-08 15:48:29.366,699.329,310.00
2026-01-08 15:48:29.686,699.631,309.50
2026-01-08 15:48:30.007,699.933,308.75
2026-01-08 15:48:30.327,700.235,308.25
2026-01-08 15:48:30.648,700.537,307.00
2026-01-08 15:48:30.968,700.839,306.50
2026-01-08 15:48:31.289,701.141,306.25
2026-01-08 15:48:31.609,701.443,305.75
2026-01-08 15:48:31.930,701.745,305.00
2026-01-08 15:48:32.250,702.047,304.50
2026-01-08 15:48:32.571,702.349,303.75
2026-01-08 15:48:32.892,702.651,303.00
2026-01-08 15:48:33.212,702.953,302.75
2026-01-08 15:48:33.533,703.255,301.75
2026-01-08 15:48:33.853,703.557,301.75
2026-01-08 15:48:34.175,703.859,300.75
2026-01-08 15:48:34.494,704.161,300.25
2026-01-08 15:48:34.816,704.463,299.25
2026-01-08 15:48:35.135,704.765,298.75
2026-01-08 15:48:35.456,705.067,298.50
2026-01-08 15:48:35.777,705.369,297.75
2026-01-08 15:48:36.098,705.671,297.25
2026-01-08 15:48:36.417,705.973,296.50
2026-01-08 15:48:36.739,706.275,295.50
2026-01-08 15:48:37.058,706.577,295.50
2026-01-08 15:48:37.379,706.879,294.75
2026-01-08 15:48:37.700,707.181,294.25
2026-01-08 15:48:38.020,707.483,293.75
2026-01-08 15:48:38.340,707.785,292.50
2026-01-08 15:48:38.662,708.087,292.25
2026-01-08 15:48:38.982,708.389,292.00
2026-01-08 15:48:39.303,708.691,291.75
2026-01-08 15:48:39.623,708.993,291.00
2026-01-08 15:48:39.943,709.295,290.50
2026-01-08 15:48:40.264,709.597,289.75
2026-01-08 15:48:40.585,709.899,289.25
2026-01-08 15:48:40.905,710.201,288.50
2026-01-08 15:48:41.226,710.503,288.25
2026-01-08 15:48:41.547,710.805,287.25
2026-01-08 15:48:41.868,711.107,287.00
2026-01-08 15:48:42.188,711.409,286.50
2026-01-08 15:48:42.509,711.711,285.75
2026-01-08 15:48:42.830,712.013,285.00
2026-01-08 15:48:43.151,712.315,285.00
2026-01-08 15:48:43.472,712.617,284.50
2026-01-08 15:48:43.793,712.919,283.75
2026-01-08 15:48:44.115,713.221,283.50
2026-01-08 15:48:44.435,713.523,282.75
2026-01-08 15:48:44.755,713.825,282.00
2026-01-08 15:48:45.076,714.127,281.50
2026-01-08 15:48:45.397,714.429,281.25
2026-01-08 15:48:45.718,714.731,280.50
2026-01-08 15:48:46.039,715.033,279.75
2026-01-08 15:48:46.359,715.335,279.25
2026-01-08 15:48:46.680,715.637,279.00
2026-01-08 15:48:47.001,715.939,278.25
2026-01-08 15:48:47.322,716.241,278.00
2026-01-08 15:48:47.643,716.543,277.25
2026-01-08 15:48:47.963,716.845,276.75
2026-01-08 15:48:48.284,717.147,276.50
2026-01-08 15:48:48.605,717.449,275.75
2026-01-08 15:48:48.926,717.751,275.00
2026-01-08 15:48:49.248,718.053,274.50
2026-01-08 15:48:49.569,718.355,274.25
2026-01-08 15:48:49.888,718.657,273.75
2026-01-08 15:48:50.209,718.959,273.25
2026-01-08 15:48:50.531,719.261,272.75
2026-01-08 15:48:50.850,719.563,272.25
2026-01-08 15:48:51.171,719.865,271.50
2026-01-08 15:48:51.492,720.167,271.25
2026-01-08 15:48:51.813,720.469,270.75
2026-01-08 15:48:52.133,720.771,270.25
2026-01-08 15:48:52.454,721.073,269.50
2026-01-08 15:48:52.775,721.375,269.00
2026-01-08 15:48:53.096,721.677,268.25
2026-01-08 15:48:53.417,721.979,267.50
2026-01-08 15:48:53.738,722.281,267.00
2026-01-08 15:48:54.058,722.583,267.00
2026-01-08 15:48:54.380,722.885,266.50
2026-01-08 15:48:54.700,723.187,266.00
2026-01-08 15:48:55.021,723.489,265.25
2026-01-08 15:48:55.342,723.791,265.00
2026-01-08 15:48:55.662,724.093,264.25
2026-01-08 15:48:55.984,724.395,263.75
2026-01-08 15:48:56.305,724.697,263.25
2026-01-08 15:48:56.625,724.999,262.50
2026-01-08 15:48:56.945,725.301,263.00
2026-01-08 15:48:57.266,725.603,262.00
2026-01-08 15:48:57.587,725.905,261.75
2026-01-08 15:48:57.908,726.207,260.50
2026-01-08 15:48:58.229,726.509,260.50
2026-01-08 15:48:58.550,726.811,260.25
2026-01-08 15:48:58.871,727.113,259.25
2026-01-08 15:48:59.191,727.415,259.50
2026-01-08 15:48:59.512,727.717,258.75
2026-01-08 15:48:59.833,728.019,258.25
2026-01-08 15:49:00.154,728.321,257.75
2026-01-08 15:49:00.474,728.623,257.50
2026-01-08 15:49:00.795,728.925,256.75
2026-01-08 15:49:01.116,729.227,256.50
2026-01-08 15:49:01.437,729.529,256.00
2026-01-08 15:49:01.757,729.831,255.00
2026-01-08 15:49:02.078,730.133,255.00
2026-01-08 15:49:02.399,730.435,254.25
2026-01-08 15:49:02.719,730.737,254.00
2026-01-08 15:49:03.040,731.039,253.75
2026-01-08 15:49:03.361,731.341,253.50
2026-01-08 15:49:03.681,731.643,252.75
2026-01-08 15:49:04.002,731.945,251.75
2026-01-08 15:49:04.323,732.247,251.75
2026-01-08 15:49:05.628,732.549,251.00
2026-01-08 15:49:05.629,732.851,251.00
2026-01-08 15:49:05.629,733.153,250.75
2026-01-08 15:49:05.630,733.455,250.25
2026-01-08 15:49:05.926,733.757,249.50
2026-01-08 15:49:06.246,734.059,249.25
2026-01-08 15:49:06.567,734.361,248.50
2026-01-08 15:49:06.888,734.663,248.50
2026-01-08 15:49:07.208,734.965,247.25
2026-01-08 15:49:07.528,735.267,247.25
2026-01-08 15:49:07.849,735.569,246.75
2026-01-08 15:49:08.171,735.871,246.00
2026-01-08 15:49:08.490,736.173,246.00
2026-01-08 15:49:08.812,736.475,245.50
2026-01-08 15:49:09.132,736.777,245.00
2026-01-08 15:49:09.454,737.079,244.75
2026-01-08 15:49:09.774,737.381,244.00
2026-01-08 15:49:10.096,737.683,244.00
2026-01-08 15:49:10.416,737.985,243.50
2026-01-08 15:49:10.736,738.287,243.00
2026-01-08 15:49:11.058,738.589,241.75
2026-01-08 15:49:11.378,738.891,242.00
